DRAW,CHANNEL,DECAY,K,BETA
0,Paid Search,0.0859521930326884,44524.70775114926,912731.6906980224
0,Connected TV,0.4507525044990497,32833.32726306945,247621.18824304937
0,Paid Social,0.4543131323092137,181132.11778644056,527124.2524574721
0,Display,0.7341902123495401,173423.54639651228,386412.3619109501
0,Affiliate,0.6885401789204548,38338.95750352825,208720.75470457165
0,Email / CRM,0.2581258447186835,10161.122389569282,47278.168465632654
0,Direct Mail,0.1825913570272455,109128.594462687,66243.82852563194
0,Podcast,0.293995107806584,24467.98718398467,57021.91744255147
1,Paid Search,0.0455974318366482,45998.83239101421,661775.4777146151
1,Connected TV,0.35405191654556,146243.61984247997,459667.7299717328
1,Paid Social,0.80141270004176,68482.07545993282,396618.6292485962
1,Display,0.5535242003282376,126801.09389855176,602851.3778911447
1,Affiliate,0.2103427836322884,80820.11039474959,265674.58688630234
1,Email / CRM,0.406031210970592,4709.721080113243,115793.77900654628
1,Direct Mail,0.6543357324710646,62445.522082185686,258954.6880642226
1,Podcast,0.8012679779897627,24335.560256150748,107151.9712780444
2,Paid Search,0.1986027749015164,47264.72353383213,889196.7345402777
2,Connected TV,0.5974386812964216,146940.9822947252,1092755.9257507066
2,Paid Social,0.22373649475012,38724.13284489393,225160.40605548825
2,Display,0.6948732142517906,71180.95157907417,547098.4502382857
2,Affiliate,0.1509745318970697,31540.204648973227,275102.4071241544
2,Email / CRM,0.8226654258198762,6322.4525234388,35783.21268094426
2,Direct Mail,0.2551767260806639,117517.99969549268,83187.313140715
2,Podcast,0.4804064585799461,75618.3037095484,211514.17923187828
3,Paid Search,0.0808434476879785,35985.1737499664,956785.7082745768
3,Connected TV,0.4366990126276887,76630.14543311422,446274.07502521574
3,Paid Social,0.6644329357868312,43984.95984169521,116419.80940310236
3,Display,0.4178937197331057,70756.25609747153,247041.03087048233
3,Affiliate,0.0905970758273253,72314.2224612998,421932.7777336432
3,Email / CRM,0.7453677443744294,8811.356161734318,179031.62477267586
3,Direct Mail,0.3045282911724464,48324.36843316095,155661.79196920677
3,Podcast,0.6454003555981311,45025.6523685319,38117.085441221745
4,Paid Search,0.1063582303510869,48910.23792454833,801715.675623574
4,Connected TV,0.503333798043266,96765.2474640456,611881.1403566088
4,Paid Social,0.3927063774149079,109418.24087113256,174272.78375316024
4,Display,0.5502444539605068,27105.636109914503,163673.68348582738
4,Affiliate,0.280150808454732,21005.50347307747,229485.83563903236
4,Email / CRM,0.6410269711618821,19734.986864300077,166407.045158864
4,Direct Mail,0.5038055042821428,25071.35983750819,122750.88987084186
4,Podcast,0.5971143991142339,7322.488179432835,14040.352479916137
5,Paid Search,0.0353930713250859,43231.16982458377,651836.5022991252
5,Connected TV,0.5079131123818766,118723.53265389094,1018422.4812427892
5,Paid Social,0.4532983404504654,147944.05256780525,597445.5430839655
5,Display,0.3192888827073707,56487.739505049496,212425.3942058127
5,Affiliate,0.3270871032403294,33841.82224902056,435139.7366398407
5,Email / CRM,0.5529146455647085,5885.5563330414825,72018.2854055212
5,Direct Mail,0.4326707359933457,73734.8398989885,236742.02979310145
5,Podcast,0.4785380076078606,46259.543474157625,65610.14931805004
6,Paid Search,0.0806413736030576,43164.8070561612,894125.637957756
6,Connected TV,0.3799845154890162,69995.65942635179,476142.1966576508
6,Paid Social,0.3262697783929885,31183.9896979521,441373.2300629808
6,Display,0.5443567723141934,22281.17856194908,454998.52198225865
6,Affiliate,0.2054198975981353,34193.290091515126,351980.7961003508
6,Email / CRM,0.3019763445303223,9766.200868294509,241163.3665943741
6,Direct Mail,0.4831765752562368,37266.51406267251,183558.5682487713
6,Podcast,0.3642680897515651,26332.461957153217,16841.78123221353
7,Paid Search,0.121319899502088,41563.025875315696,808713.6548078092
7,Connected TV,0.5313472341947851,67853.24944626665,424696.2816907909
7,Paid Social,0.4851708727666982,49719.545525213194,130725.49229869456
7,Display,0.6057102142494248,104621.22107152456,669318.3417942908
7,Affiliate,0.1065671621990178,55026.73198622074,429514.9746831058
7,Email / CRM,0.6376918421121605,5532.416521779606,161443.00528241112
7,Direct Mail,0.1275645863497981,72985.13516411574,179401.57083089367
7,Podcast,0.6534323251495616,17609.80145929948,46024.08429373922
8,Paid Search,0.0393172842803927,38233.626303058176,630283.0109686708
8,Connected TV,0.5893708666644268,68126.32717422496,532247.2605255892
8,Paid Social,0.5232638027858276,100788.3237669648,240910.14500488705
8,Display,0.2844344653475508,119277.92963235387,284766.6298347156
8,Affiliate,0.1059731207537513,64057.64912677007,406633.8080147796
8,Email / CRM,0.2998621664641752,8214.972687570511,85876.62496966886
8,Direct Mail,0.2575335431338213,38531.156037552486,124675.17050545232
8,Podcast,0.448493211169199,30786.26582774314,12418.159447120008
9,Paid Search,0.2036623817748897,43550.21865460064,776401.7151879801
9,Connected TV,0.6343190857330749,78006.68401895034,715542.0024863826
9,Paid Social,0.442622966813795,171066.14920521918,376311.2129076948
9,Display,0.5499529133846283,86633.20369808766,473293.4269136668
9,Affiliate,0.3899299123414576,16570.404238268336,500248.79187764664
9,Email / CRM,0.5157378628150123,26642.444516769163,50184.5658887429
9,Direct Mail,0.2992404753190429,57371.27926004294,53101.92791360782
9,Podcast,0.4133540906934077,65119.99338830197,283784.5038827401
10,Paid Search,0.0911147888354928,40465.8758463486,753387.3150295751
10,Connected TV,0.6654583190415166,89160.546181335,754811.2825235869
10,Paid Social,0.5439450160639621,474945.9872497001,766857.9064848386
10,Display,0.155143550778843,28012.49440352076,232429.81769839025
10,Affiliate,0.0659698476206911,40152.76779966521,271477.7288844597
10,Email / CRM,0.1667566649077103,9457.172471752809,117756.50245462888
10,Direct Mail,0.6379880696264442,112748.95892415367,235819.4996298943
10,Podcast,0.6152505969311345,56525.3682353529,123495.30658182631
11,Paid Search,0.1562794161949741,44987.79180748452,606923.4117509704
11,Connected TV,0.5066387772524935,61756.61600158565,426145.6745146129
11,Paid Social,0.3666638465284779,47379.77413823736,152929.258790238
11,Display,0.6391702441953625,66415.23340106512,322905.9763978695
11,Affiliate,0.1066515794710928,20072.29033419185,364663.57829138945
11,Email / CRM,0.2645466888805344,25717.49589704883,65005.1279282481
11,Direct Mail,0.8964827552078557,100385.5512574649,622136.4494227652
11,Podcast,0.6565930860487698,61451.85481752503,255402.4509396971
12,Paid Search,0.2077024311794815,45132.45446909419,811327.8237340638
12,Connected TV,0.6947171480270418,54628.504609792406,560675.6652704846
12,Paid Social,0.536746451973237,125182.40782558126,195667.38151581553
12,Display,0.1658789762277487,113954.99109046816,255103.8050112734
12,Affiliate,0.0235546971140935,19579.21311131112,486107.271746446
12,Email / CRM,0.5860689561341508,14897.786012541985,148830.87465444443
12,Direct Mail,0.5782323294333255,180676.41758360947,416465.3177771143
12,Podcast,0.7699329298814708,13262.760511523886,110235.7150757114
13,Paid Search,0.1121057183076113,73700.35440177265,518331.7641273278
13,Connected TV,0.5248986800913727,76923.80281916201,695157.0733989628
13,Paid Social,0.0833195583752129,37558.191902505234,267112.47521268757
13,Display,0.4771450173726566,55865.27026344659,356505.70552322344
13,Affiliate,0.1099152628504647,46131.800090392186,254227.62479694927
13,Email / CRM,0.532498622975517,6596.866461508129,328727.48318989587
13,Direct Mail,0.2366811885074902,609386.3598239529,518794.2633863975
13,Podcast,0.7632586525318612,45605.49537414168,175352.40448383853
14,Paid Search,0.0244084948771786,39098.48596490361,721813.8511045952
14,Connected TV,0.5581495573350478,57801.51142270986,378070.79076432815
14,Paid Social,0.3868780781819522,22697.145102129896,545931.652604046
14,Display,0.5527269189741938,118075.1334025778,212614.1631778041
14,Affiliate,0.1847496332523681,107540.57666653552,549764.3436232462
14,Email / CRM,0.5926763608205028,20000.68811313087,81255.9195636354
14,Direct Mail,0.0865564055865196,98054.39284689736,272763.3677571308
14,Podcast,0.396031344842438,40538.47524133452,40287.791939693874
15,Paid Search,0.2078076485160319,50678.05520219752,699706.4983881651
15,Connected TV,0.5058875695102153,33054.206385433834,142125.08828029392
15,Paid Social,0.7235581903740101,133040.84498243022,314720.04017785884
15,Display,0.5995349552378767,39553.10938037452,372371.3708235375
15,Affiliate,0.1229685483329191,55120.94738948312,94607.98561825608
15,Email / CRM,0.3062192343050937,15114.103493259125,169205.17270332636
15,Direct Mail,0.2733203022717552,32846.25961186697,97935.47705678309
15,Podcast,0.8247698447601868,23738.843174142337,66863.14888281461
16,Paid Search,0.1433606843404977,42373.82145868024,877497.5319094439
16,Connected TV,0.478181369645406,48284.5494682964,356437.05110872793
16,Paid Social,0.3651359264129485,96789.5072218272,152713.3408730792
16,Display,0.4637293803833143,138491.7022409428,321988.94173126447
16,Affiliate,0.2942989576777976,20165.27994826337,462400.0155380815
16,Email / CRM,0.1440734342290222,24968.85849084833,302731.2271069793
16,Direct Mail,0.4985093281875828,108654.38815982046,383820.71871090896
16,Podcast,0.4961884164318643,56545.99413984853,157479.71600237486
17,Paid Search,0.2188484451422453,57601.15535099101,773706.7053594292
17,Connected TV,0.7049745423140638,57572.01617395351,561280.9522808951
17,Paid Social,0.3809550325193142,90454.07723786029,161988.44407500324
17,Display,0.6208866646888065,31262.830842739084,202167.84269970903
17,Affiliate,0.108267337702994,110129.80193916906,636052.2495981726
17,Email / CRM,0.43084427899963,14530.1211290892,75983.05530760775
17,Direct Mail,0.3828748565870982,461518.6219166588,293897.3349315556
17,Podcast,0.2288130795506032,16041.149966201485,27537.89356003478
18,Paid Search,0.1689140970480926,54790.96226073598,525582.8889124654
18,Connected TV,0.7172303944610341,107022.1870938671,814820.0536639438
18,Paid Social,0.8324881242980664,21522.463752606895,591024.8276266416
18,Display,0.0844159704251856,127045.39825603734,299598.03892874887
18,Affiliate,0.2798717190555739,75756.07036655037,357420.66611998616
18,Email / CRM,0.7759417563630717,27697.752148619584,209263.49022355105
18,Direct Mail,0.5693285626138196,124199.0577869563,434189.6661423907
18,Podcast,0.2267630375063222,38435.66358794517,82555.27514804719
19,Paid Search,0.1717669925554475,31554.70200672571,1338163.2822102553
19,Connected TV,0.6294452363495457,169316.61670907415,1692600.08385975
19,Paid Social,0.3814465596446326,38942.07066289345,505089.053220358
19,Display,0.7300346009122742,57856.978729589086,476667.7764834989
19,Affiliate,0.0686617013798599,51212.35361105115,520729.1289742492
19,Email / CRM,0.4845436992492284,35092.92737795464,116873.65759883632
19,Direct Mail,0.424183512955103,304670.9079119968,826003.8770937861
19,Podcast,0.3697682869267116,30824.011183641695,107439.2562576667
20,Paid Search,0.1220403806344292,36452.02836191903,1026113.565322346
20,Connected TV,0.5130053848915945,83346.97239255125,503593.815594101
20,Paid Social,0.590288949758966,147457.90014018738,341325.70422707446
20,Display,0.4615012006282049,28572.650727744123,178662.17835668777
20,Affiliate,0.0565937417097734,18879.455181051464,359558.3927793314
20,Email / CRM,0.2863429198798351,47449.763136389345,89812.87702367186
20,Direct Mail,0.3348061886535246,310538.92023828113,311286.75689608767
20,Podcast,0.487563551533234,38277.58775753773,59336.79166626409
21,Paid Search,0.170692907471257,41042.22238575622,831867.4288694666
21,Connected TV,0.5112223550183007,79858.67798750824,428425.2306657845
21,Paid Social,0.6317230044454342,42773.8992674927,411561.39725502697
21,Display,0.6453496277319369,52554.99250488598,378426.75769230584
21,Affiliate,0.1080837039132607,20550.465677217613,457113.2210117993
21,Email / CRM,0.8542489099432281,17336.78900225059,78734.528953719
21,Direct Mail,0.1781793903667891,52363.494971611144,49091.487547401215
21,Podcast,0.946091748323434,63893.59045394792,66688.95608442088
22,Paid Search,0.1755182995549361,42835.932117220975,863885.8266406743
22,Connected TV,0.781210621897373,32989.48184927979,486210.5189783659
22,Paid Social,0.6921165386578262,70899.31184597911,132626.31393758775
22,Display,0.4673189227584777,90247.45644283874,220178.30441721785
22,Affiliate,0.1086380632372676,40959.33294436837,227829.0823427232
22,Email / CRM,0.5240245382371354,8888.81897122459,212060.4294028923
22,Direct Mail,0.5381893157853163,100159.46599698804,159018.30388278
22,Podcast,0.5131446831949891,45142.83987877235,96681.02150233812
23,Paid Search,0.0338260210179247,58308.85222256703,482777.55788252305
23,Connected TV,0.5257777213681828,59880.07424366864,296532.96114646114
23,Paid Social,0.7631142320327389,49326.54319384461,472357.62342733535
23,Display,0.4713001922563825,59893.99540867854,287008.4176414849
23,Affiliate,0.3992891847623444,31696.128892909037,351383.5430534078
23,Email / CRM,0.3990150683807369,22267.402048554963,80288.87590474164
23,Direct Mail,0.4324870410574504,69273.40041834016,91059.771292352
23,Podcast,0.4977662271944938,24509.641179525723,127569.9864982016
24,Paid Search,0.084206884328927,41869.323194355886,913822.2693864824
24,Connected TV,0.5781731993730371,58976.08052382036,435183.9728134363
24,Paid Social,0.4331371440192634,40920.11987717105,276620.3275640175
24,Display,0.4267179560639031,34597.923991979784,312963.831696329
24,Affiliate,0.5409016847217691,13744.908254505108,217856.1749353471
24,Email / CRM,0.5649352931395553,5508.393611546666,42683.516522359365
24,Direct Mail,0.4083867472294652,44105.98789564728,37978.3799146606
24,Podcast,0.2258105375538428,14461.265559123896,19659.073296684273
25,Paid Search,0.1370273838497485,42120.51569973531,862540.7838092125
25,Connected TV,0.4588149949272056,94124.1880719511,448030.8003949955
25,Paid Social,0.2274982646177882,72965.95393331151,51879.002078240366
25,Display,0.6310501773960543,70134.38713447796,405488.39567620016
25,Affiliate,0.0300132334660065,41119.52511286039,235405.77982651687
25,Email / CRM,0.7444710630440178,14494.314096939994,76529.75000722162
25,Direct Mail,0.6102101307352177,35111.018716133316,81659.22597676277
25,Podcast,0.8705113979758037,53237.37470765592,201207.57095521028
26,Paid Search,0.2257106147855979,60245.17160465075,416190.34252821864
26,Connected TV,0.5468657346648026,43239.00026527144,431929.8099005738
26,Paid Social,0.4395467694977816,151854.99323615056,444583.7956467459
26,Display,0.7945485318548358,92121.34542252043,364778.71747233695
26,Affiliate,0.1977513686127308,21015.50521228038,247859.29863005065
26,Email / CRM,0.6474467646719541,10120.234589187983,128876.98022961512
26,Direct Mail,0.0855038718623996,126453.4561523528,257272.412100362
26,Podcast,0.6945890228932956,22949.059365421715,129225.81294644916
27,Paid Search,0.2126217783240704,59593.27378649812,656756.1693875338
27,Connected TV,0.5421593024826119,49997.916764494614,268521.1126164582
27,Paid Social,0.4814952882661918,45572.748461691874,401473.8342836791
27,Display,0.5903388350043378,50794.22181667489,305779.525533745
27,Affiliate,0.2416733418733013,193277.9110870847,414673.0501755713
27,Email / CRM,0.549206077445479,19436.210786683085,192653.1396892957
27,Direct Mail,0.1248244790308611,115951.6647268188,121668.8581537631
27,Podcast,0.6838988435087392,43116.11927427614,279603.1266669986
28,Paid Search,0.1149479777812759,36755.81706606619,1061869.2286034627
28,Connected TV,0.5141999674069407,25258.089310989177,273883.42089623865
28,Paid Social,0.7607019086209252,66025.17719770945,274394.8784706983
28,Display,0.3708613167687054,84693.48843148362,327193.20759226667
28,Affiliate,0.3135675317659896,76456.74065387773,495604.4634730886
28,Email / CRM,0.3517611343012138,12641.735616757856,5075.268523691263
28,Direct Mail,0.3308345367554994,55114.26920178196,188000.45023601508
28,Podcast,0.683857610236776,13685.544455979198,108118.3472137899
29,Paid Search,0.072554481260421,47105.33071629635,593723.7576932652
29,Connected TV,0.6050022712860027,60414.70141548212,476966.47101081914
29,Paid Social,0.1545044913352383,190895.87659785364,348958.75125182734
29,Display,0.5848307449039056,341796.3419847673,1230758.3620523105
29,Affiliate,0.3640744642081773,25715.336982932917,263004.84083734173
29,Email / CRM,0.2615928853217197,17884.784770808285,224253.46881257457
29,Direct Mail,0.8884820038380655,176105.28642317952,557201.701917012
29,Podcast,0.4440658510500039,68249.14482530042,27726.437538831786
30,Paid Search,0.0875640440236829,62121.34717700192,518023.0465430289
30,Connected TV,0.7706987127376165,48017.012536678514,614414.8064913804
30,Paid Social,0.2780980911430761,44648.19607346834,394837.530925565
30,Display,0.3731445119674559,120873.0527528745,365345.5815351124
30,Affiliate,0.2171769136607812,31369.180615043875,225466.9448472176
30,Email / CRM,0.6573098080751466,47955.6532050633,494538.08208674274
30,Direct Mail,0.6389323649415365,48446.10511953716,393042.9844782697
30,Podcast,0.7296890497861003,57302.56475155344,187516.6518213182
31,Paid Search,0.1014671874116108,41201.31276245007,809587.9999607041
31,Connected TV,0.6183000125922662,107901.14866473545,739863.178572147
31,Paid Social,0.3419573128148575,108418.5608333508,237126.6843296065
31,Display,0.4969044193665471,156998.32416639497,109836.99186023584
31,Affiliate,0.440784003391036,26974.80088775307,323293.1923385458
31,Email / CRM,0.4498483671852341,14296.244574622093,115834.99526808655
31,Direct Mail,0.4595569274728818,89428.11143739738,298414.55311358307
31,Podcast,0.2940218453466249,12838.425064187591,19820.22088768062
32,Paid Search,0.2546682276840905,45863.55691893557,966834.4993818824
32,Connected TV,0.5690097229681451,49783.79022792402,232252.73902860947
32,Paid Social,0.4924959549594901,112915.96395004248,212028.10407886375
32,Display,0.485700739560772,183586.00868137908,1104138.973446124
32,Affiliate,0.2199863217008196,25099.74635258063,302560.7762725218
32,Email / CRM,0.8030953902797476,6814.779662910294,134845.7115653572
32,Direct Mail,0.2394571362252237,89973.23166662066,73234.71588818463
32,Podcast,0.4064035088334238,68134.19349413418,331475.1443787131
33,Paid Search,0.0592438096388081,36549.614926729766,792763.9907370991
33,Connected TV,0.6294770048435522,39324.20705967911,308010.98555965535
33,Paid Social,0.7917138408555654,232007.4856203317,587669.4801561584
33,Display,0.5871643453800486,177552.10798287953,311603.79017191683
33,Affiliate,0.1606502782732771,117496.76213135375,694013.0096847406
33,Email / CRM,0.4336515712229716,6042.932662499154,95839.8286625213
33,Direct Mail,0.171559446462634,50529.029729360256,71071.23973231498
33,Podcast,0.5386622108233916,46839.144964136074,145893.0125200336
34,Paid Search,0.1022872019333522,55099.9539266604,600426.6349475001
34,Connected TV,0.645445102029967,37748.05094770885,480308.56250865303
34,Paid Social,0.6303434837517382,30355.80810113739,82321.27067582496
34,Display,0.1937933146567056,62313.92453933789,167303.10634641352
34,Affiliate,0.104811849672798,211413.63738454503,431727.46233681135
34,Email / CRM,0.2529399041104074,9049.99441953186,157395.81672333548
34,Direct Mail,0.5524130152506044,116675.4542076388,362215.99631424615
34,Podcast,0.7784440318817439,56215.74342805127,239679.4717368924
35,Paid Search,0.0828756794798324,46694.10296790485,627052.3643243398
35,Connected TV,0.3662547204009472,101906.17118430394,466876.4479024879
35,Paid Social,0.2455536162856544,62638.21104475646,56521.82501818773
35,Display,0.5289820660911708,47740.05897669324,314070.6198487867
35,Affiliate,0.0871171351113156,40146.46857464916,122270.18272691256
35,Email / CRM,0.3199809629884772,5709.82745208636,130609.52077273931
35,Direct Mail,0.7641037269633661,70124.29839645054,128747.62726159208
35,Podcast,0.6993942235192738,37274.68509012416,178957.20189681617
36,Paid Search,0.0979819250900314,53507.06516702174,584015.953336728
36,Connected TV,0.383014352281725,57633.31329874534,411691.24233211816
36,Paid Social,0.4407772204735142,68447.58588244648,168534.17446205532
36,Display,0.7603072125204412,66614.535695432,530242.3015304531
36,Affiliate,0.1329417119566943,87212.40376432482,495665.253968989
36,Email / CRM,0.4574720042894943,10455.528032548003,84822.90344863031
36,Direct Mail,0.6312986700138031,144693.49837922494,291762.751264782
36,Podcast,0.3139494923046033,91054.14381951952,430132.9046534816
37,Paid Search,0.1655122191293816,53608.06631457424,618945.5290938646
37,Connected TV,0.6612390672442245,56458.8459067568,595858.5208995169
37,Paid Social,0.6528034487013035,44425.88153145875,504256.9838023719
37,Display,0.2624108012417148,43962.90680243011,205769.24744848916
37,Affiliate,0.1258996301898802,55204.54583270609,181235.48871480217
37,Email / CRM,0.7507335059156035,11796.602877199131,101697.9841703782
37,Direct Mail,0.5494034790400808,158318.38820689975,384741.6706149296
37,Podcast,0.932031419529596,156938.35182594147,140483.96755987706
38,Paid Search,0.1111065696447581,51229.71612438516,676015.8733345795
38,Connected TV,0.6708514586380043,66772.56560758979,807782.6808469773
38,Paid Social,0.6639019168773366,103605.6434865632,147098.86854786708
38,Display,0.491651337885731,65303.722723652245,347672.0079084444
38,Affiliate,0.1595878486586435,65789.43515301481,417272.8025529352
38,Email / CRM,0.3051628334085378,9251.336964153485,126925.26332094397
38,Direct Mail,0.5282004665382681,225080.4349529019,270615.4962914999
38,Podcast,0.1907238993041874,45597.106416196184,94645.77808023665
39,Paid Search,0.2128121162661314,56074.05218109955,617319.1123104589
39,Connected TV,0.428376585583305,61945.65348959312,430260.60685610265
39,Paid Social,0.4823104239382673,58643.95995535952,344253.5091065794
39,Display,0.559493059510393,30870.701564571904,339758.35718646395
39,Affiliate,0.3955145814406786,26473.35414515681,32754.266168043618
39,Email / CRM,0.2169041941243039,28738.417901112414,48783.692150974464
39,Direct Mail,0.2719259761523101,538054.7717181573,841022.8626318042
39,Podcast,0.7038971265652597,68902.51618850886,104578.7632051794
40,Paid Search,0.0951195420944289,60762.904215524555,508284.9598690606
40,Connected TV,0.572178998149786,87137.4187337949,759387.7188141767
40,Paid Social,0.6370980885584937,253150.06867067312,474960.6508515038
40,Display,0.3693784114727642,36137.69538167816,311732.5127553003
40,Affiliate,0.3018347551926282,16309.02023213726,466930.8376925392
40,Email / CRM,0.3566424103627739,9730.623608594597,126230.74821645656
40,Direct Mail,0.424659015285132,175030.2651109447,140749.69638276185
40,Podcast,0.3283072071861505,32554.373849205636,133347.27952239875
41,Paid Search,0.0939725739471728,43697.50912759659,682830.0695118394
41,Connected TV,0.6779290311719189,41279.01712467679,392691.5698348038
41,Paid Social,0.5173440102565068,36570.35268118168,538695.6650810996
41,Display,0.4874220780847093,84132.86908761953,226026.17158422567
41,Affiliate,0.3343122810069173,130746.3745274568,522396.7288126484
41,Email / CRM,0.5187602198659432,23338.591666895572,68003.92946314816
41,Direct Mail,0.6452745787994663,90756.29282389914,285081.77721618704
41,Podcast,0.6948560108895941,65805.24489988042,283697.4671648113
42,Paid Search,0.1179752265671519,55232.869073348,717101.8591170049
42,Connected TV,0.4592538721993882,50211.82436517444,352016.2428460194
42,Paid Social,0.5455275101453351,114159.02319711704,149218.95879362567
42,Display,0.4325802169186363,87770.13620796996,339449.5669767774
42,Affiliate,0.1968998640821166,17786.431600860924,275165.07738971576
42,Email / CRM,0.4495437048315301,7649.162631920716,116838.60182174567
42,Direct Mail,0.843884033994825,170469.69768447184,324871.9720907591
42,Podcast,0.5089862611685906,64411.98814257293,407709.95102001046
43,Paid Search,0.0935081852605861,57005.43647335696,537026.2710711622
43,Connected TV,0.6135675279997311,47686.56340993285,396146.27321706165
43,Paid Social,0.5944364831585486,451285.4441869869,1065628.2893342278
43,Display,0.6416493775803239,71800.7360647154,551612.1508903682
43,Affiliate,0.0534691030723864,88867.95072792355,270074.11937145755
43,Email / CRM,0.4150841100719252,8505.644134504222,139004.85503672945
43,Direct Mail,0.6671401402263518,107935.31222444032,324726.2133389686
43,Podcast,0.1185485950258161,50984.43056751797,176761.17558149487
44,Paid Search,0.1466803961567696,56288.39786591696,636312.6793836089
44,Connected TV,0.5095089086053183,56810.669544994955,597434.5336015866
44,Paid Social,0.1167550407784659,104080.48326714318,296980.40057317587
44,Display,0.8298710102910418,116239.40304836397,285540.93904700346
44,Affiliate,0.3405663415778466,58587.01525047472,499809.2897472995
44,Email / CRM,0.094457272452021,12068.269775482771,117176.57342365613
44,Direct Mail,0.5961394917286302,66085.41313496628,167642.9011037926
44,Podcast,0.6588417058942657,43324.69808323715,240381.4013644551
45,Paid Search,0.0970718246673767,39492.63687656767,926849.520176998
45,Connected TV,0.4854645781940966,77775.54803204072,400247.75982142234
45,Paid Social,0.5083298650480397,144920.22372478954,357244.12488838437
45,Display,0.4289467444056536,184154.11837231263,733807.0051574208
45,Affiliate,0.3569187581822367,35601.889269852676,175392.6850534441
45,Email / CRM,0.521130107731128,16323.30409248316,153443.76549397578
45,Direct Mail,0.7386572662543306,64517.61650678491,335509.6317839626
45,Podcast,0.5494295121947166,31579.145814489577,154000.64898511142
46,Paid Search,0.1516451148602051,49204.61900919169,745415.2308685512
46,Connected TV,0.6611560871149464,69619.91951264036,538469.5001600714
46,Paid Social,0.3173534707225404,40253.90799148052,211911.19277586672
46,Display,0.6140774766502878,28880.328624624733,169181.4347375006
46,Affiliate,0.1864683184645099,56579.23498385264,392033.9110074408
46,Email / CRM,0.4615501200852395,12768.912173933037,78562.72031442329
46,Direct Mail,0.448401058382699,55746.38910347441,97433.81230297504
46,Podcast,0.6950452989499114,21171.5035409749,186408.7928632334
47,Paid Search,0.1595202218272772,46779.36148431801,706982.4617389506
47,Connected TV,0.2983338600604353,65929.35927576758,275869.1404393612
47,Paid Social,0.5151904206225063,52131.815716335484,140923.2434230481
47,Display,0.5161334210779063,90236.34244534232,573719.0898069836
47,Affiliate,0.0661780388309462,28996.98005228416,272623.7043423745
47,Email / CRM,0.6222904815592502,16206.05836517116,178261.93144076495
47,Direct Mail,0.3034365262109844,53702.71473676657,15783.45373662496
47,Podcast,0.7238170966775737,22338.91965152008,162349.25138290465
48,Paid Search,0.2296047098556236,48147.11400010428,690792.7581524765
48,Connected TV,0.577606266008867,108994.1711520256,696898.6382958575
48,Paid Social,0.8978458926814293,161908.69155639815,139141.45585125353
48,Display,0.2038919175977514,39937.38271174864,352491.81853120704
48,Affiliate,0.262809543653261,48433.47993792267,131725.88857841902
48,Email / CRM,0.4273309632233785,6224.062338024481,203220.2411560378
48,Direct Mail,0.5406812300663463,60619.36497072155,62194.1356667439
48,Podcast,0.1700375239245554,28135.92446154868,146698.6246373091
49,Paid Search,0.1211675811406047,51236.73724174071,590875.337043698
49,Connected TV,0.7328191647666846,50491.54736350974,526448.567297156
49,Paid Social,0.6533031072076882,146680.4084386204,172104.54621241533
49,Display,0.4324063261261678,165813.11194747908,206225.26494678415
49,Affiliate,0.3195622609990752,17976.296321441707,269814.1845571496
49,Email / CRM,0.2488883231528617,11400.306056482948,140658.85151424565
49,Direct Mail,0.5799505533338504,49760.26608679127,118349.86339545636
49,Podcast,0.9109540758173248,47360.192696158025,167942.55277963635
50,Paid Search,0.1178549463600378,35748.06295385522,945846.4236953714
50,Connected TV,0.6083763737812214,81358.0894256263,529622.8215950956
50,Paid Social,0.41939548490756,81239.54984210189,225585.4974046648
50,Display,0.399645001114695,59656.85893894021,247749.44994812165
50,Affiliate,0.2266847119158261,23645.718281489382,310211.2273346015
50,Email / CRM,0.3604126480178096,7749.875237368396,233937.60651706535
50,Direct Mail,0.1872716236403606,206670.839000941,367904.5570261431
50,Podcast,0.6753108992716269,24190.39346970856,48842.2742836996
51,Paid Search,0.0692391090572572,54076.01489422825,705167.1548903572
51,Connected TV,0.5632288252578255,77052.23406927468,701925.0350704375
51,Paid Social,0.5987276100090321,47422.67987115699,7063.632565299893
51,Display,0.6119380919275267,70326.16095085623,421060.76499560673
51,Affiliate,0.1061765465565907,29193.75201676381,373797.8994842757
51,Email / CRM,0.3197457080796195,14142.07375090857,215039.68998877596
51,Direct Mail,0.5037149919673831,37387.7233529433,129540.9249102842
51,Podcast,0.893636150709424,62106.31510771658,651070.0781489348
52,Paid Search,0.012584005763009,46663.37221313158,588249.9888654276
52,Connected TV,0.6791270256696502,23779.72930730988,392628.3683235374
52,Paid Social,0.3547795524188245,49706.02170140198,92276.01351548756
52,Display,0.7435739867299892,123597.90752152204,297539.79784864135
52,Affiliate,0.2638443320772498,22526.469699547026,364659.28941619414
52,Email / CRM,0.2967943207356971,25033.310248290774,309290.67978906113
52,Direct Mail,0.5138198883212208,87357.76678958858,225633.35998324672
52,Podcast,0.7790384460384376,59455.33928645656,208619.7161368314
53,Paid Search,0.1778683900829219,47085.640181253235,559266.8007238008
53,Connected TV,0.1770673661928991,61082.44818247994,247106.8466054904
53,Paid Social,0.4733004051515408,81833.53232820843,131347.3920725927
53,Display,0.5789240514384586,65181.43582223202,194881.34466957024
53,Affiliate,0.2301703951954382,33242.449450082684,155435.11110011413
53,Email / CRM,0.8675674379044898,5767.39797855239,168279.59349823778
53,Direct Mail,0.7653309490173391,122029.75348825598,311987.42185401224
53,Podcast,0.824588928106732,26584.159366951535,76101.06999092507
54,Paid Search,0.0489892777363462,60996.647063234836,508756.9204728491
54,Connected TV,0.6856280597499629,36250.950467530805,364867.3031649657
54,Paid Social,0.5804899385718093,43368.62080374894,262208.49402407557
54,Display,0.5139526060345878,258839.88958640065,1391984.3037961046
54,Affiliate,0.204733209529189,29794.54668495775,288085.2368114339
54,Email / CRM,0.5821129619363704,14258.897158704049,134093.99198575047
54,Direct Mail,0.2927240108278385,58479.42276450672,120050.4032479089
54,Podcast,0.3611343311968107,15319.176799258936,69608.7839480123
55,Paid Search,0.0427981241184017,49410.01201487886,662208.0945344015
55,Connected TV,0.6249703235192043,55178.6300896601,433904.9222840271
55,Paid Social,0.692791407146067,149877.74505142533,960941.464348714
55,Display,0.675649287390591,77603.25671552778,416361.7021014579
55,Affiliate,0.034404247452666,27383.81647998618,358418.56011576083
55,Email / CRM,0.7109030078079652,13847.827100722128,71740.79765347656
55,Direct Mail,0.5200148361783532,52107.02789962532,169545.86804176972
55,Podcast,0.5112083380617819,89779.52642371098,6840.987528809454
56,Paid Search,0.0130648012943511,36434.59683282947,880887.6487139433
56,Connected TV,0.5558921405457601,47939.34372667631,527968.8249990139
56,Paid Social,0.7235527930575995,77070.35766844176,411425.7763377016
56,Display,0.4919823434123239,65915.61025500386,49039.43389229224
56,Affiliate,0.5682371415415596,47758.03283254017,242877.19679450276
56,Email / CRM,0.2726860296757443,13809.877132287556,129603.70588664211
56,Direct Mail,0.3135612285046967,141782.41717837716,85346.32171877952
56,Podcast,0.4828682300034872,72764.87393462147,45936.434312227415
57,Paid Search,0.2182015487061632,48930.56757549651,733763.5827955542
57,Connected TV,0.4182954823913876,55454.13592424148,319728.8693406087
57,Paid Social,0.7060066231771412,122269.78288046535,235883.30977769344
57,Display,0.5056625035512357,38999.28086259101,319691.3143912814
57,Affiliate,0.7562855253013975,57238.32272129491,274943.92645375786
57,Email / CRM,0.5998995346166862,25427.47920435737,9581.009616154715
57,Direct Mail,0.2924738284613409,289579.9235454778,407248.9897933739
57,Podcast,0.7637694522968821,12679.801981287748,128860.76924632218
58,Paid Search,0.0322946391051193,45968.04661589654,707681.3766985612
58,Connected TV,0.4776948318161454,137615.62343830013,714125.9638343406
58,Paid Social,0.3974591400586405,166551.0304914367,62902.69797450115
58,Display,0.394160024052886,37739.88101311892,250915.30546371065
58,Affiliate,0.1528997048051187,26966.377672717183,490968.9221099022
58,Email / CRM,0.4290598178218525,68390.97198641382,255921.62129468875
58,Direct Mail,0.3126529132169319,188576.00907953325,178803.1436737702
58,Podcast,0.7012331033369272,59398.10667914816,359508.8953341126
59,Paid Search,0.2221904960394212,57599.515341281,675904.3461633328
59,Connected TV,0.7583571857683692,51002.06781330339,604983.03621426
59,Paid Social,0.3843033151466175,133076.99535812245,285018.2331483524
59,Display,0.3391921095518706,41508.03010217003,173484.06645725088
59,Affiliate,0.1766293657023487,22748.441103847756,377551.0625076548
59,Email / CRM,0.5765582454674095,6697.423471849632,159577.01389249583
59,Direct Mail,0.1463715727369509,132197.42850914723,55938.11116987159
59,Podcast,0.2061350455518087,24412.275485611764,46151.837908579226
60,Paid Search,0.0619110296656742,41149.22687422137,815769.6996104646
60,Connected TV,0.5192015900308935,41915.05837654303,305279.6999957739
60,Paid Social,0.527299475493117,33248.74920046945,351881.4201502345
60,Display,0.2274221785972797,36838.54479457128,254679.37018015096
60,Affiliate,0.037722825397291,30155.977865417623,161646.5117929899
60,Email / CRM,0.4674064213291737,17671.57928024298,134433.7725260738
60,Direct Mail,0.685537627393125,81564.97803141267,502108.2964997098
60,Podcast,0.4627867252817597,22281.74792001952,48134.46232001729
61,Paid Search,0.2423012896102581,59704.37789090474,500324.2264746916
61,Connected TV,0.5484156221295678,133242.9236156998,876465.1416424455
61,Paid Social,0.4852028831603129,50371.62342319936,217647.55734892763
61,Display,0.5278929777532364,169016.6533323264,421964.5641037272
61,Affiliate,0.1763354448287586,16935.562945303984,547199.6309285642
61,Email / CRM,0.5279465392174885,10387.642832486154,190313.07203056695
61,Direct Mail,0.1377272438236552,24465.55528050976,92609.21977821924
61,Podcast,0.6856693069930794,32343.746298202117,100581.66533884084
62,Paid Search,0.0936574758377165,37120.898384800814,831963.5361328999
62,Connected TV,0.6099322333020528,52562.62993326761,441069.9196209796
62,Paid Social,0.5434300871981661,107278.3503801956,426180.4267307942
62,Display,0.2910481498828347,85428.42326782201,395929.4900610528
62,Affiliate,0.6125288385344523,79673.70840913978,298429.0809238022
62,Email / CRM,0.4207873885941914,7176.945569799395,26208.643417750536
62,Direct Mail,0.4557311896097863,79374.9102978269,116107.9305063315
62,Podcast,0.3273514291096406,25657.78374551064,52787.38826817561
63,Paid Search,0.255744589901945,85062.37107007833,603506.1807121228
63,Connected TV,0.5014279571272361,55323.37853063896,440757.679172631
63,Paid Social,0.2716102107130728,110621.03824941044,164293.33906311073
63,Display,0.5897693321189287,31972.601833554676,190394.51239402537
63,Affiliate,0.0955273737019895,14543.307204899267,387626.073315178
63,Email / CRM,0.3316740173198594,17508.091136847877,153945.39182568647
63,Direct Mail,0.56718660204688,62856.50496971357,242116.6162315364
63,Podcast,0.8391395779041471,13535.717359910355,78946.79741753498
64,Paid Search,0.1083364919741862,74547.48469661949,415055.8096245051
64,Connected TV,0.4561060512629445,65974.78278901293,427381.6195744396
64,Paid Social,0.6509429866135658,182889.3458704052,668968.814389014
64,Display,0.4716249061326737,103843.726971976,364905.8154784477
64,Affiliate,0.3069595761022433,70267.66400618128,183549.23452733416
64,Email / CRM,0.3425398521625114,19947.38661159599,112507.45306173056
64,Direct Mail,0.2436955628414933,180068.53092673482,365049.28578961175
64,Podcast,0.3939634982835722,34152.497466674075,117966.93410758216
65,Paid Search,0.0706777954860149,48583.9155915582,790957.6764084094
65,Connected TV,0.7517057248473414,66300.35854496184,705018.3676748447
65,Paid Social,0.5149985489122209,60630.35068375183,135629.29759221166
65,Display,0.7594297788259561,77635.07388533057,74758.33816152658
65,Affiliate,0.2176345046969791,50078.50365864172,272158.8225194099
65,Email / CRM,0.1432495877836871,14654.561878546963,37362.789416905754
65,Direct Mail,0.3868183722982115,198703.1378420324,616729.2975583379
65,Podcast,0.7908758214916077,24751.230730492756,63089.675044424235
66,Paid Search,0.0673429479587839,44905.61959448235,945945.99251786
66,Connected TV,0.607715271129668,78968.13472638234,639930.2381037665
66,Paid Social,0.6635714975465405,65195.80349238469,122725.80005851507
66,Display,0.465794559311539,116788.31455475686,763133.5933015449
66,Affiliate,0.2201746632588038,40760.67939770473,369930.2029070895
66,Email / CRM,0.1414548286966249,5312.837148233522,68239.09111101665
66,Direct Mail,0.3096305537500416,54977.11504456893,209993.7445095733
66,Podcast,0.5692467059731902,14010.708125768177,138053.7788960218
67,Paid Search,0.1395638223356031,48671.51210387288,789249.0188369611
67,Connected TV,0.3548802526829532,119409.2039062386,396639.6301931434
67,Paid Social,0.6724522325891543,133966.1111506465,61154.40408279267
67,Display,0.5468793310219016,49095.438432932715,177882.42783004633
67,Affiliate,0.0464240757517262,16119.553378024602,431636.2721740968
67,Email / CRM,0.5929395139577658,7714.560595069465,255315.61312364068
67,Direct Mail,0.4792312192212015,60952.23421728279,195629.1945508973
67,Podcast,0.7163078002736251,44306.64525043813,258258.419544508
68,Paid Search,0.1280465566155931,35598.89555529447,1133638.5242426542
68,Connected TV,0.5665885117735291,98960.10700062108,602090.5316152839
68,Paid Social,0.4488583782490422,39980.0281113196,454916.3807018771
68,Display,0.6046473461183369,104008.49019291658,750846.1072071359
68,Affiliate,0.1108750193925923,54770.68941374111,231406.0118894017
68,Email / CRM,0.2266906162681433,104449.30492554524,50029.17873776154
68,Direct Mail,0.7759307867139258,30982.805970379723,195680.39309769237
68,Podcast,0.7813311497954696,28894.71000715931,130210.08715983728
69,Paid Search,0.0495744381520222,49056.62002853402,570890.0778604597
69,Connected TV,0.5953075741838202,42331.75645677098,365731.1140152696
69,Paid Social,0.1477357167253632,91707.4619136432,192907.25868090027
69,Display,0.4426591513693754,56072.24995112155,181423.5519361542
69,Affiliate,0.254651303515948,107414.93110209628,445745.7981939538
69,Email / CRM,0.4186126974307934,16435.03739660919,187627.97796117197
69,Direct Mail,0.7698143159456626,100661.34446287496,235946.97843173955
69,Podcast,0.3658101173442155,34910.644306778755,65653.24808133711
70,Paid Search,0.0107263209424418,39666.78530750925,712880.2316783901
70,Connected TV,0.732754018175629,50492.40966616972,336522.6316733026
70,Paid Social,0.5333145023759301,96286.65898834562,164157.80605272413
70,Display,0.5233551409461128,49467.19634981407,374943.8902859767
70,Affiliate,0.0802537451797066,34990.18056475843,314539.6737336112
70,Email / CRM,0.3984995105754126,12180.060532791542,98383.2467244734
70,Direct Mail,0.6139656881083312,149608.21681693985,344592.84098222107
70,Podcast,0.5362114982803975,27762.29574047923,94337.91133641767
71,Paid Search,0.0378985769801359,38733.7092502771,831968.6425352956
71,Connected TV,0.5708633153753429,61216.49252543185,391465.7027444067
71,Paid Social,0.488115606064176,78817.35152912315,133148.10486128597
71,Display,0.5214995446409401,40583.75148762064,460243.59525180905
71,Affiliate,0.3174619798552511,55429.254991054746,311469.63611476606
71,Email / CRM,0.6661215089036449,13142.067579092283,86151.71367795685
71,Direct Mail,0.6331030686561709,230169.44676739915,581319.745165788
71,Podcast,0.7362058905426684,21399.243368855925,14164.4046763086
72,Paid Search,0.1060249491554916,46270.34803581417,713980.9909115019
72,Connected TV,0.653185042714172,36246.3701129463,315886.0227854189
72,Paid Social,0.5392975806428326,84755.05725980223,280201.1841914382
72,Display,0.7795799747257157,74817.73630715867,307981.8299111118
72,Affiliate,0.1107913764908679,104898.75290016831,625211.9370839726
72,Email / CRM,0.3723132899757906,36773.4418462856,111009.03630727276
72,Direct Mail,0.2374518708695523,242591.56924483328,553369.1135137076
72,Podcast,0.5668438149467615,39985.82811268434,142294.3329748556
73,Paid Search,0.0788812076446041,54937.223442252005,522430.37063566054
73,Connected TV,0.4805094457168139,162453.66416884502,940274.1404340216
73,Paid Social,0.2828148800043685,83056.7226383002,56986.89077179497
73,Display,0.8217679751657079,26304.890165870715,376428.06548473256
73,Affiliate,0.0965640385239269,12666.66407460929,430141.114593127
73,Email / CRM,0.6855929372880174,22604.93566159484,3501.0328032548605
73,Direct Mail,0.4894240099873201,51581.19320438122,182853.27091643272
73,Podcast,0.5023071272100457,22091.7237711081,58102.50508761942
74,Paid Search,0.1678776106395055,51616.50111191543,861884.5286873502
74,Connected TV,0.6942727640303413,92028.44472762688,786546.7714688699
74,Paid Social,0.8989123162464067,110115.44070968384,294552.86635409476
74,Display,0.238087471006473,24532.55244569811,138596.35035388643
74,Affiliate,0.4534005952939766,20030.818585219713,265876.6450597973
74,Email / CRM,0.3733374176787505,17194.354426126294,134710.66318624187
74,Direct Mail,0.7210126248252139,202355.0381915925,810207.1783930945
74,Podcast,0.5677914193839151,32108.19690700887,235932.2695888245
75,Paid Search,0.1285192032014512,48215.800461275016,610746.2225669799
75,Connected TV,0.61885192215581,50135.16988274513,441198.41243382194
75,Paid Social,0.3171069092445511,84837.39435820519,117802.72016036736
75,Display,0.495955752887349,59849.71103848597,362658.1260831746
75,Affiliate,0.1019804685272492,50328.15601347792,264934.90040417254
75,Email / CRM,0.6116514604910269,22027.627304174304,118380.72671455143
75,Direct Mail,0.715140550948666,38137.23375787879,149319.14933663403
75,Podcast,0.3621261632715647,55517.726548559745,127633.8512882938
76,Paid Search,0.1188821171134575,50544.84519951656,730102.6369104526
76,Connected TV,0.3964506363611453,55971.973155340725,304436.81716126227
76,Paid Social,0.1493538182338314,88967.33868456363,109165.8140592836
76,Display,0.5909777009072837,97844.05079921104,853339.0308216865
76,Affiliate,0.0347200281842238,88266.97221971452,264325.9884466014
76,Email / CRM,0.5763774843858465,15252.425843694904,139377.7776439592
76,Direct Mail,0.7768640412566562,128481.19296001933,80347.68301582808
76,Podcast,0.9265021599345336,16053.9428766102,80355.53955221367
77,Paid Search,0.1882024599138195,42844.73444190557,818163.3100974609
77,Connected TV,0.6076409977438759,47705.50378957731,539143.2796483854
77,Paid Social,0.5995628791771258,215449.0114673004,851669.3358772312
77,Display,0.3667839616226973,45656.98813546021,305220.2441701786
77,Affiliate,0.2085843684609498,22112.975007994475,252235.73834529953
77,Email / CRM,0.4817695655320946,12561.073957540617,167944.8132686436
77,Direct Mail,0.7985008639175637,118610.32830830418,120888.773792622
77,Podcast,0.7647799841108035,12901.334574868251,115993.08231089172
78,Paid Search,0.1160740103473772,41193.547580520775,722103.6474669204
78,Connected TV,0.5662800936589256,95534.21259985816,723515.3589884096
78,Paid Social,0.4466777449227624,341629.7258608653,519551.21159008495
78,Display,0.1450962142376302,37447.67045680188,97234.71475310047
78,Affiliate,0.1902588787832031,16915.204086783702,269218.0610612975
78,Email / CRM,0.3842213518126818,6571.461813112763,78432.4329483481
78,Direct Mail,0.5663147178450789,193045.19569461225,363170.2880251995
78,Podcast,0.7452626848751217,20917.21694071188,104465.53576379368
79,Paid Search,0.0311057024193639,49537.85745335372,505578.82069803006
79,Connected TV,0.7811449864624491,90186.83993349371,903255.3076812408
79,Paid Social,0.1767303888765385,89292.17597880009,175964.062256401
79,Display,0.3824677967729094,42477.39297609122,98278.75738200438
79,Affiliate,0.3088820905878263,95452.12565009815,424240.44861515646
79,Email / CRM,0.2338500549812676,12618.680629164734,106541.679692495
79,Direct Mail,0.2919176983701601,81688.87424585293,67037.40685527785
79,Podcast,0.7572133999892482,133356.9791188274,388848.9397497109
80,Paid Search,0.139203412248694,50796.878965660704,654062.9972237431
80,Connected TV,0.6246883593255277,45801.59542757397,508733.6015772233
80,Paid Social,0.5979060741928516,30750.88883765709,448562.62710480334
80,Display,0.5514190717554486,70696.98300109299,250082.1184458105
80,Affiliate,0.4012894775587233,57163.62890285192,29856.8106930095
80,Email / CRM,0.1740318498193964,3584.2714522444903,167070.09267727283
80,Direct Mail,0.534636523794479,241470.32582923467,120653.32842746358
80,Podcast,0.2474014706061067,38965.23284530613,154602.0861298713
81,Paid Search,0.0890462983214645,41628.25776953118,737163.9706371278
81,Connected TV,0.5080761354696077,63796.67541687927,573614.2899235437
81,Paid Social,0.4537550990133907,131589.17608137432,303447.15725322784
81,Display,0.6138519939546289,72206.39127562693,400449.9237496323
81,Affiliate,0.2475362070825875,15139.13017496062,558258.1343691758
81,Email / CRM,0.8168163304341989,7468.411159328322,133781.48744856578
81,Direct Mail,0.4627314539758052,52158.13025159091,177873.92259663466
81,Podcast,0.7597279869347777,27382.521754252204,100709.81839714176
82,Paid Search,0.1891548955057617,51317.819155781006,688626.0135046624
82,Connected TV,0.6269270522502433,55848.83863418032,503222.26607728016
82,Paid Social,0.6596226085449328,71596.65917500877,153010.92398229986
82,Display,0.4035145385175788,45072.416296951014,294607.70886129077
82,Affiliate,0.455132174551655,26583.33032537747,166539.0311767195
82,Email / CRM,0.0507624882910507,10900.1482742077,84939.99407840976
82,Direct Mail,0.7100099377894402,115186.8583315852,239423.20697040472
82,Podcast,0.6114258344726016,49260.77358477739,189095.0541120624
83,Paid Search,0.0240439859491355,39330.1423051069,867358.4049174711
83,Connected TV,0.2644422056441258,48430.45620961065,252583.3812555482
83,Paid Social,0.6648409355379474,80443.43907271759,195993.9131637204
83,Display,0.5506029794032992,45489.547742911695,326609.28184476047
83,Affiliate,0.1152957248937146,44493.00449838967,287311.5427905681
83,Email / CRM,0.8461498197421266,13973.339695034812,115947.24609887876
83,Direct Mail,0.20146129258211,176428.62955366398,239629.98558844216
83,Podcast,0.7450871873599174,108310.9048581988,95327.36008178724
84,Paid Search,0.0831621270186632,43102.65827760134,617764.9498894734
84,Connected TV,0.6253276657317696,48479.48303313258,451085.9441438198
84,Paid Social,0.5750377533265238,161457.3455853701,820988.8180116299
84,Display,0.5086035274521623,31464.060890144665,179940.32996628046
84,Affiliate,0.0235342372174445,40374.6986662296,242869.94610407136
84,Email / CRM,0.6347850999208287,8008.7205843901875,100254.60328661108
84,Direct Mail,0.1713193702285246,84053.69270346678,102552.55382346235
84,Podcast,0.7562513864896665,20685.06823082922,156108.5007899229
85,Paid Search,0.0720615350829882,59243.43283698994,560438.9425827459
85,Connected TV,0.5220419232298948,34328.87856101662,293449.95269101387
85,Paid Social,0.7706408370107809,36563.04419438916,209874.47211683833
85,Display,0.5964640494165108,61452.85906906466,336593.0469908812
85,Affiliate,0.1853428574014661,38141.056352872605,250365.37459510137
85,Email / CRM,0.4485689784508131,18591.020304227754,177358.00770299567
85,Direct Mail,0.320505666678587,34359.79905159948,119081.32747622282
85,Podcast,0.7203718104333736,10392.037668444778,52595.0970904147
86,Paid Search,0.1453323341400593,37771.489936808226,995092.0167632928
86,Connected TV,0.5399288133912094,50820.00021817519,400683.63955865
86,Paid Social,0.3516553564881001,128016.19287199412,279631.1769679038
86,Display,0.6893487107535847,87095.77665293586,566025.5849377781
86,Affiliate,0.1321799966577308,26591.355575825688,249432.20102796413
86,Email / CRM,0.567246183606028,19857.35774253786,348238.05535220326
86,Direct Mail,0.3996877465837852,70365.86745545088,269864.5623236828
86,Podcast,0.4659220732039194,30992.893917686557,74970.93082333283
87,Paid Search,0.1744950802965718,40569.658832607114,819408.8147733151
87,Connected TV,0.6546158803617522,53000.47840464481,462665.4959629893
87,Paid Social,0.0179342381900795,67079.08730966673,53034.995902892035
87,Display,0.5706289211331482,60922.40697275584,250879.88557915404
87,Affiliate,0.2935049623694093,48066.01494235805,413361.2105201057
87,Email / CRM,0.8604994749843287,11923.262651796258,75285.24844926558
87,Direct Mail,0.2941921783039321,60931.68298758783,111246.39308994978
87,Podcast,0.520499118682824,20875.442227382984,42107.37382252655
88,Paid Search,0.1820525933734282,56811.102987451035,575687.2005195137
88,Connected TV,0.4368536320246529,47501.2964345741,328378.1455204154
88,Paid Social,0.2952282082749759,210089.74690846555,401027.9986305462
88,Display,0.7448787525470175,26520.50574446843,262804.22575838433
88,Affiliate,0.1544719890705203,54223.533679748,304178.56015550793
88,Email / CRM,0.1519323501812726,16677.41098940582,24503.796930395572
88,Direct Mail,0.2989738628406286,183494.33066548203,100119.2672508559
88,Podcast,0.5919412941694334,139694.01396230297,15849.596478211706
89,Paid Search,0.1159208151623299,53061.72947653908,608517.148429325
89,Connected TV,0.6329811610300057,52800.57763982032,417330.8930933049
89,Paid Social,0.5812511243821507,118783.26635693351,371910.4627372305
89,Display,0.5283365375573567,43317.533747375375,269307.16815143183
89,Affiliate,0.0770860683634145,62328.90889422998,353539.73888861225
89,Email / CRM,0.2593782487430169,10128.957231505095,143001.8192376068
89,Direct Mail,0.4016606753572134,93711.0131472326,206880.31928898403
89,Podcast,0.4406977113282493,10666.135448578274,46847.77528964443
90,Paid Search,0.043079514457702,41506.45443874281,759966.0494704724
90,Connected TV,0.3353835641385095,41200.36520516101,295341.0012607291
90,Paid Social,0.3422947232196288,58664.70633460018,115737.23344825215
90,Display,0.5932689478875538,32911.25568422657,347959.6382437467
90,Affiliate,0.1892096677214512,51221.6546108984,339601.186573813
90,Email / CRM,0.4894327608052192,8779.230640354488,36119.02920228239
90,Direct Mail,0.0083169556425814,78617.97910259716,46005.85078535856
90,Podcast,0.852317749446977,132702.61210789648,453479.2902588743
91,Paid Search,0.0685615959150856,44394.27148004226,731550.6304565812
91,Connected TV,0.609342723620609,73214.8058639845,371364.16639079014
91,Paid Social,0.669239854789015,30266.08468126783,265129.4288368301
91,Display,0.4444616759733223,62211.60168060028,156815.69641123957
91,Affiliate,0.1772795895250699,26983.152527797058,273065.07996827114
91,Email / CRM,0.2847666980591846,13203.187005428352,55699.488175438055
91,Direct Mail,0.7272133003509701,81611.52245775788,348793.7344227526
91,Podcast,0.7872440172115097,20695.368439668822,57330.07819175928
92,Paid Search,0.1400624279856049,52186.62941308151,724698.312601006
92,Connected TV,0.5140910679795373,111512.08019870118,825703.2125967002
92,Paid Social,0.6180949141352649,119047.1514272111,392385.545565197
92,Display,0.3008401160972193,156060.72271059063,459662.2701289395
92,Affiliate,0.0636378381498012,28928.988364128138,316571.8977183629
92,Email / CRM,0.2160718955521209,6561.887977369193,99628.96722125071
92,Direct Mail,0.4397231812895781,93735.54446552868,288470.05313556734
92,Podcast,0.1501030153625025,130993.18057981998,150708.2674277557
93,Paid Search,0.212223489741787,52219.01674498615,715912.9448222681
93,Connected TV,0.5611425653114102,106794.062014418,829376.3143142564
93,Paid Social,0.3605496866050027,57468.355447449096,140913.9844462288
93,Display,0.6467774728181814,58273.27121186369,444790.8905283735
93,Affiliate,0.2634620932610544,32083.60346292596,342906.3129813684
93,Email / CRM,0.7783358526009643,22684.46264442693,104619.98673358676
93,Direct Mail,0.2094653506509395,107945.83670778522,209125.58562247592
93,Podcast,0.8380104669522045,58257.0807599154,281334.3944210394
94,Paid Search,0.0248849657012259,34949.85397327642,1110623.677983043
94,Connected TV,0.6039050209205693,86804.51987252143,856203.1672572382
94,Paid Social,0.539740308080552,111204.42886327748,340352.497622077
94,Display,0.5157749300997019,88917.29091582914,362729.3493746315
94,Affiliate,0.2305917429587419,25755.870435775447,303147.8063745578
94,Email / CRM,0.604702261080149,17174.66965369571,218112.1855842129
94,Direct Mail,0.6096151947732306,92441.421410186,212963.10478006367
94,Podcast,0.5408827422476642,36514.97536133469,64012.73473863074
95,Paid Search,0.1742602333385305,46412.72035466217,607444.8108996418
95,Connected TV,0.6016770420860343,80437.75973605663,705347.6865845097
95,Paid Social,0.6000461011643019,37434.55853322575,324167.6837048263
95,Display,0.436091652188494,90026.45623858139,429764.4082130741
95,Affiliate,0.2996208208453116,95520.42604677589,622518.3589866599
95,Email / CRM,0.7153106278379461,7655.081318696565,136595.3292488157
95,Direct Mail,0.2288447611462336,51787.836841483266,144713.58135741818
95,Podcast,0.3417323607648282,18751.387292816584,71680.15067381632
96,Paid Search,0.1509181651205388,53238.806941463576,622425.0859135442
96,Connected TV,0.5196695115073215,51669.64005959395,351210.5686341953
96,Paid Social,0.4291467555690605,38505.78116107207,355344.68064254
96,Display,0.7044808968807489,82340.730222897,524102.4501646209
96,Affiliate,0.1975802089846556,215786.24665047904,801266.0187606063
96,Email / CRM,0.784351503485368,6415.276320048473,78955.0788027323
96,Direct Mail,0.8224318967374773,68780.92649645447,289928.5727738516
96,Podcast,0.5554177144744085,79976.5416647884,273789.06658914714
97,Paid Search,0.1109901645190215,59559.81144713748,569595.5779883016
97,Connected TV,0.6541706426995059,64478.984190573545,606689.3874230543
97,Paid Social,0.5378058190831329,89943.84995098856,423706.1974967674
97,Display,0.6031683111854483,163195.21399554357,716825.9012801461
97,Affiliate,0.3356709948393653,24753.01112610018,160271.36406586616
97,Email / CRM,0.4459998069210305,9470.462183432404,201655.58656721204
97,Direct Mail,0.2512957313974977,215120.93213090883,278625.3145344178
97,Podcast,0.4785464398631904,20089.36288749788,114702.93965408827
98,Paid Search,0.0740521232418292,36868.9250560386,598359.5389416167
98,Connected TV,0.7340504607667961,34286.19072202106,428611.9820787935
98,Paid Social,0.3695459322552241,61623.00159313827,104422.52476550062
98,Display,0.4602752240025525,72908.98638409459,413485.8932843743
98,Affiliate,0.2360954647000171,19343.27554870856,320807.11338947713
98,Email / CRM,0.5324801064132972,65395.80713485153,53621.296378524166
98,Direct Mail,0.6188248024555034,121788.89850252047,134720.69661854493
98,Podcast,0.4102744471192572,26594.331206492836,67204.18962343711
99,Paid Search,0.0714715617685184,59588.23825982397,580009.2588408052
99,Connected TV,0.3311713748991938,80378.18740650231,386304.3642921902
99,Paid Social,0.630488507554198,36685.346353434106,215828.10074704752
99,Display,0.6822506677155283,35461.689813657125,366390.9686695209
99,Affiliate,0.2406270084118483,49598.110838556,436971.09645012434
99,Email / CRM,0.1919509926281723,9776.394728392812,123210.04040427512
99,Direct Mail,0.5589443336986779,108359.4647420116,382696.5755049552
99,Podcast,0.7566457696419964,51039.19225535986,53532.48202332842
100,Paid Search,0.0145524877353099,39591.80292339281,777937.9787343199
100,Connected TV,0.6813357952525879,40716.714411851666,452416.79930176
100,Paid Social,0.4196801533443422,153409.90562584857,366081.6038078108
100,Display,0.5379122424109058,46674.80356812588,255101.5858577483
100,Affiliate,0.2708954394562199,53744.00487872075,226438.7201538096
100,Email / CRM,0.8615600144553187,10085.292808590084,84646.81683214055
100,Direct Mail,0.3581017685975856,220086.6023979441,105447.76354658788
100,Podcast,0.1391351012233363,8069.24045804378,59367.544359962936
101,Paid Search,0.0717549359250188,46440.07531632459,603028.8574646454
101,Connected TV,0.5126205362475815,92160.28127342631,693551.6093152938
101,Paid Social,0.4439867498881108,95274.03135027648,201799.97632454103
101,Display,0.3952797903289557,59318.667212409135,303956.4498754058
101,Affiliate,0.1628328897793391,59490.002318196945,320209.69204136956
101,Email / CRM,0.4566032887510015,9257.398700845342,31195.69054030216
101,Direct Mail,0.8009874440788524,227362.48359920824,1335984.2681427535
101,Podcast,0.8591978796724374,20683.508804095873,139989.74148020367
102,Paid Search,0.0728018951176967,51704.296874322674,523238.49913435953
102,Connected TV,0.6318450467838732,57433.17091793886,375835.322372258
102,Paid Social,0.3442931536656263,36689.664302536265,118444.56757668396
102,Display,0.7144967605707664,31697.66400777428,271900.10458468896
102,Affiliate,0.0347511132222865,67574.69362024068,413908.14465259627
102,Email / CRM,0.3980866886329353,7506.477360309938,39081.150652633325
102,Direct Mail,0.488189373320219,64464.90260209517,178553.138876784
102,Podcast,0.3441787985755549,19266.051242544472,49296.5642877199
103,Paid Search,0.0950117532208505,41632.71355640748,807316.7595017962
103,Connected TV,0.5414028536625111,62889.62558234173,568463.4263363383
103,Paid Social,0.2720966463799465,119312.882325806,296982.5694906127
103,Display,0.5505240130915788,33070.10905639662,415207.84523175727
103,Affiliate,0.3225588854725318,55393.25414839992,266236.4085677655
103,Email / CRM,0.7503255992178867,39370.364400530736,90360.16611163758
103,Direct Mail,0.0494547893768882,474758.5940339495,297915.92003852216
103,Podcast,0.9535863164833508,26199.441980603548,105760.52417129632
104,Paid Search,0.2519003089646225,43228.40898621372,566263.4115067931
104,Connected TV,0.4975634102444525,43186.40948461101,255326.8868775648
104,Paid Social,0.1219795365932409,37132.01488958284,218321.5208531505
104,Display,0.5694861302791216,41918.46235183802,375051.19561366417
104,Affiliate,0.1961084900649174,50158.25544112807,255288.14527817545
104,Email / CRM,0.4474684480386609,16367.51616052139,6722.547029026501
104,Direct Mail,0.2082963945607547,40977.9156431594,16848.081816308648
104,Podcast,0.1152675726917929,19120.16899305517,36277.138218676446
105,Paid Search,0.1654058843869667,49022.33940555033,862790.0102687121
105,Connected TV,0.4783176306324946,122367.19173623231,744135.9373899784
105,Paid Social,0.7514104606211288,108777.01016706428,254867.81143113913
105,Display,0.5153989424790603,126386.57456640892,809135.3528662281
105,Affiliate,0.357913276409908,64641.64957840315,250978.8972304101
105,Email / CRM,0.9553723637063402,12122.17063978088,29990.56055019724
105,Direct Mail,0.681349809399303,113738.88097067658,246901.43969849503
105,Podcast,0.2815120684276129,158824.86824577607,210704.80073030095
106,Paid Search,0.0504178556748539,60695.144846134965,488295.8262007658
106,Connected TV,0.5390847571119339,43165.39984180781,321658.35858487245
106,Paid Social,0.6119136256441676,177596.32257659538,266969.39443389745
106,Display,0.4494731771569747,62293.20773666768,478922.36206176865
106,Affiliate,0.08059330179336,19594.925926007734,288424.8238412453
106,Email / CRM,0.4348629390402461,4903.507454986603,86877.46201342964
106,Direct Mail,0.6472249273136778,274237.5165659107,739417.7713533324
106,Podcast,0.5945486868236359,37600.491048514945,57974.06868605301
107,Paid Search,0.2666644528047748,46075.83830426195,812339.229537465
107,Connected TV,0.3738715555747235,63181.08289814245,483195.13131357456
107,Paid Social,0.6646533522183266,224966.73747260647,620028.5068408796
107,Display,0.6534977223851718,57049.52997696211,256284.18710051547
107,Affiliate,0.0463558821269387,22103.996197384196,240647.3065046352
107,Email / CRM,0.2323751335065736,29865.636524602098,21095.792400415383
107,Direct Mail,0.732096943412523,96507.19097951749,426191.3260292215
107,Podcast,0.5509118889496895,30090.531199479,30765.62038707439
108,Paid Search,0.0546677145137421,45084.82258488113,850146.3931400988
108,Connected TV,0.6012649260188208,71994.08954618026,502202.4863243796
108,Paid Social,0.2049071481961834,597055.863228227,1500353.5707931058
108,Display,0.5786267250834932,107553.17186394964,593649.4260606652
108,Affiliate,0.2442608992584495,86647.62744130199,287114.42113663116
108,Email / CRM,0.4650604299664997,10685.91722832691,71736.4879065219
108,Direct Mail,0.8159379954682096,63709.09827053715,357064.00228528626
108,Podcast,0.4595393994473581,30056.75916085402,131485.01712709825
109,Paid Search,0.0475146826398674,36987.34969465565,791354.3642684742
109,Connected TV,0.6472493078897891,50725.16166977525,506921.1535051621
109,Paid Social,0.6115800233686319,331382.4454117908,739274.5933825038
109,Display,0.6095741194650794,68511.78953866762,374298.509980914
109,Affiliate,0.3573837872122179,65478.00845019453,376080.5984328297
109,Email / CRM,0.4615984218263532,25198.934398372647,57014.400414391326
109,Direct Mail,0.6859519550597867,181807.74223099224,383701.74249345914
109,Podcast,0.532465627901945,20801.562950460782,77981.22222689346
110,Paid Search,0.0901878581845925,58997.1766346357,492884.42116766
110,Connected TV,0.3116548789235141,116529.41284488844,540063.8954926282
110,Paid Social,0.5283852727730357,48500.69554420151,308559.23871965526
110,Display,0.6387435905574281,168736.4369876969,808863.6472823898
110,Affiliate,0.0580619725257847,189399.68968341124,508812.27787896415
110,Email / CRM,0.339417474700545,4997.435600363699,120966.23382081128
110,Direct Mail,0.3691957617214479,257612.167243621,284075.44609465677
110,Podcast,0.3721718929229636,35702.39260942292,125146.00363435128
111,Paid Search,0.1018945298649288,49988.833172315826,859474.979525259
111,Connected TV,0.6701217454736556,80747.38915314375,864300.7875252139
111,Paid Social,0.437514228787516,145296.38243803795,448163.0872124203
111,Display,0.2634223828603556,87532.37867796903,304176.12062099343
111,Affiliate,0.1347886812556973,20236.07154985652,401192.5533823603
111,Email / CRM,0.4267822082114643,9746.48197781591,232478.8585062471
111,Direct Mail,0.2996479035147689,167334.73338559174,204071.7825438439
111,Podcast,0.5306138176760777,19972.3042208669,117679.72720301677
112,Paid Search,0.1826608511803867,42782.81766217338,1038880.090793679
112,Connected TV,0.6028118304799254,61362.38384248813,347124.33664425666
112,Paid Social,0.4812285185959403,69690.8593680013,139874.15635590488
112,Display,0.5453980632122861,25858.78206166268,216540.4220241168
112,Affiliate,0.1151176817861358,68891.510360314,456380.2458939069
112,Email / CRM,0.1748337865862952,6861.45756550425,53933.513423099655
112,Direct Mail,0.2409340947996996,27355.840469801584,130652.47301439667
112,Podcast,0.8167222100066317,17485.780553903016,131999.6979261015
113,Paid Search,0.3169545859535372,63695.95642133975,667409.0506755634
113,Connected TV,0.5938156063151414,54263.02773454446,497615.1315216905
113,Paid Social,0.4119459392048049,133710.1315112047,268434.8121128077
113,Display,0.5830723526314392,220729.50309474883,714198.8602450293
113,Affiliate,0.0451530057595566,35400.5970247248,284741.3499628921
113,Email / CRM,0.4697262156366167,38423.16623589811,40736.29639566318
113,Direct Mail,0.8397872837971142,83793.37898875064,382229.7740285168
113,Podcast,0.8205454347797402,61180.72268837172,69697.09786653677
114,Paid Search,0.1148233325245625,39610.90217349294,573211.3553603152
114,Connected TV,0.5461972082738472,79665.25097347038,497176.85886928823
114,Paid Social,0.837901570236031,278450.70901617646,1027604.017069382
114,Display,0.4678172707312058,161631.07564657324,663301.200536685
114,Affiliate,0.5960819855953388,59222.27361832245,233514.25358656573
114,Email / CRM,0.904692127025115,12545.620723379528,32583.36550535183
114,Direct Mail,0.6828458465179209,47645.36265793402,166077.8434174116
114,Podcast,0.3290033385622758,8501.061812011048,7750.481568130968
115,Paid Search,0.1674812674565594,51463.13337623048,671528.8588052804
115,Connected TV,0.7085764939752536,58116.10059840848,344731.208639935
115,Paid Social,0.3389998031056612,153191.73566704537,422718.9172199099
115,Display,0.3226846317140588,34698.33113290461,173135.4970638743
115,Affiliate,0.1719013249546558,24053.028589690857,138569.09354548677
115,Email / CRM,0.7220076993729528,27779.206358727344,32315.93402013432
115,Direct Mail,0.8509023846657122,41811.30440101502,376913.14801873575
115,Podcast,0.6911091797351456,33042.53849276782,301102.1318708548
116,Paid Search,0.1428515347506425,39557.00887741462,886961.6961431096
116,Connected TV,0.5535236984919003,81541.45035387212,610235.6667764481
116,Paid Social,0.3830757267764891,86900.29129719087,221993.00916216816
116,Display,0.6963804147303866,166174.6295491576,1044904.008939876
116,Affiliate,0.1627504252093973,18347.56261721322,404814.7623335941
116,Email / CRM,0.2150555855078416,8899.758951665362,37595.921829282415
116,Direct Mail,0.4713305747545331,132046.64201777484,196496.92681617977
116,Podcast,0.5487556939247544,66311.11556438515,338437.68333849515
117,Paid Search,0.1079471426191797,50735.45709864936,638189.8703112159
117,Connected TV,0.6918866710138912,62655.94446101617,589255.1976959553
117,Paid Social,0.0885612311907549,59447.06483281546,291740.8986571657
117,Display,0.5002619158501472,36675.94169323162,166887.72174100808
117,Affiliate,0.4135314996722522,27339.849104348723,319322.1169492181
117,Email / CRM,0.5171202124824561,27863.62033793815,139699.4917847502
117,Direct Mail,0.6520837646017578,113336.90464939228,352911.5993395361
117,Podcast,0.5658619970610236,20355.897347538852,76576.26586675638
118,Paid Search,0.1195907444004665,54929.60164090703,583933.6609924115
118,Connected TV,0.5877619401447223,62442.389219281555,463313.8321533097
118,Paid Social,0.6338003274279443,135818.92833271128,545041.7444589495
118,Display,0.5845498030715287,134286.061934647,412877.5329934534
118,Affiliate,0.1156724107194067,31386.20506553136,319779.5267048232
118,Email / CRM,0.4347664865535505,15230.146288212662,219272.0308953794
118,Direct Mail,0.6117978014440268,169721.76424162294,547665.3702722922
118,Podcast,0.6210054852552709,30491.72033951963,22181.46912594503
119,Paid Search,0.1033082424429232,41702.64176383886,681288.0271577274
119,Connected TV,0.7081922218683622,90114.11880306444,580754.460062041
119,Paid Social,0.6296456801068029,119239.3079688906,380270.9433722043
119,Display,0.6291258116751371,39926.242712319385,369620.34885549865
119,Affiliate,0.1668473953349287,19566.457328424643,364500.32748645585
119,Email / CRM,0.2978570360470409,13027.06982922723,77023.05645122624
119,Direct Mail,0.2765899908873081,27267.58036831763,76243.72504974775
119,Podcast,0.6764574560850924,35125.774461584115,63451.527100266365
120,Paid Search,0.0316097340445711,45383.809643475935,811305.8302072311
120,Connected TV,0.5115445272205733,55721.7748320144,404600.2586595262
120,Paid Social,0.4128925848658498,78761.11762009474,381058.3333366371
120,Display,0.6223792646745697,61780.67303822095,545115.5933028806
120,Affiliate,0.0666110875781333,59520.21509528832,277501.12303976784
120,Email / CRM,0.5031978384018713,8290.098990048744,79665.81510061
120,Direct Mail,0.2057497773131317,41775.281853403576,121373.77338347136
120,Podcast,0.7808911172929515,11225.957860600136,2282.2919114577912
121,Paid Search,0.09901811854129,32402.88267224744,892736.605924809
121,Connected TV,0.2892813343630254,110804.88542332924,582220.3104537023
121,Paid Social,0.280728465641843,51741.3468251607,15498.723023637229
121,Display,0.7885977359036432,32456.38520661979,164376.4843066193
121,Affiliate,0.1843342106092242,45733.5306672384,373863.3685897668
121,Email / CRM,0.5742754650355598,17441.881765698043,57619.67976033856
121,Direct Mail,0.7745850453937965,108046.5512865892,552594.6094690904
121,Podcast,0.942714116512004,18262.42047207238,80728.95274710264
122,Paid Search,0.0736253694746999,47517.93646640379,671079.526534294
122,Connected TV,0.7375012714842871,32487.92033599932,393251.33144845266
122,Paid Social,0.3884947286898206,71997.00129476437,331786.9316597144
122,Display,0.292305426866654,80206.01345103183,226082.83118572607
122,Affiliate,0.1513941010047856,35691.43089249129,351695.62781423447
122,Email / CRM,0.6426571643696265,8733.978780013014,121001.80278441976
122,Direct Mail,0.6460867241887664,126196.58357008232,420394.7632879639
122,Podcast,0.3198725514618041,29200.22949345571,80348.88942258598
123,Paid Search,0.1577365467587898,59189.905344716186,693128.9436101213
123,Connected TV,0.5377069844355556,78755.76813296386,415400.24442432256
123,Paid Social,0.6191224999228366,35151.25303481447,542066.9736205004
123,Display,0.2564843175640919,44029.963048385995,252840.6070967581
123,Affiliate,0.0387088568921824,29396.346847639023,213552.03438000605
123,Email / CRM,0.5014673832628306,37587.87755807519,83004.80049174282
123,Direct Mail,0.883400123845201,71488.39546083548,322966.1562006704
123,Podcast,0.6271968047313893,46137.16259609178,205325.8777156767
124,Paid Search,0.0874427441496912,53122.69154921438,607349.222845629
124,Connected TV,0.5956192930461244,144834.2831085921,1164000.3263793653
124,Paid Social,0.469412589071609,220937.77583202772,249603.26210042904
124,Display,0.6467284871106896,24440.065141948293,394012.7602566139
124,Affiliate,0.2191970640773628,94308.73655397024,364013.4989650781
124,Email / CRM,0.7180023271696145,11917.50287321469,59357.38673467163
124,Direct Mail,0.3201830055199162,46418.97306967853,159832.57276353706
124,Podcast,0.4378158386908231,14191.075778146364,85041.31052594479
125,Paid Search,0.0782408038896817,47183.89592505546,521641.2747411624
125,Connected TV,0.6859900454374017,57108.35752191554,511284.27663526376
125,Paid Social,0.593005004532473,34349.11509653456,621844.9150104967
125,Display,0.4569025613042915,27446.270342136868,127299.549859373
125,Affiliate,0.0265320532494045,18003.341961557566,466942.01761952695
125,Email / CRM,0.5267086060259039,19258.941222964975,104213.60618502257
125,Direct Mail,0.5271529082686405,120334.4676908398,103491.06813564934
125,Podcast,0.3454713689876637,21802.1774292438,108976.826259409
126,Paid Search,0.0694269089515907,52337.337067901724,491003.59772554325
126,Connected TV,0.4939459516012349,74096.22570316953,411495.11458593514
126,Paid Social,0.5904349428727048,45948.42438054152,187944.81813204655
126,Display,0.6063128256413619,69110.84581208556,422993.233468181
126,Affiliate,0.0465309144766114,232186.6532485266,1151725.8084458213
126,Email / CRM,0.4201083325537648,22321.469308599517,94606.7309913915
126,Direct Mail,0.4475542757325673,59757.739356861726,143082.45896432284
126,Podcast,0.7029407244078856,22053.10284027556,117995.04126356398
127,Paid Search,0.0950043676243101,43373.02951706872,714824.2636389844
127,Connected TV,0.6173722761550443,116994.33436867698,893146.4780607276
127,Paid Social,0.5790125039034929,87727.87851635521,306337.1155850427
127,Display,0.5079194361466662,74256.85351221549,392859.25726167613
127,Affiliate,0.2396367920389228,28956.74852416123,193110.68275426884
127,Email / CRM,0.5641723922259959,13888.111752059,195273.00121263688
127,Direct Mail,0.7620166616954193,37147.86248572942,52308.63413845713
127,Podcast,0.6127647869470129,10511.425614717356,131041.797924791
128,Paid Search,0.0556668382757674,35484.48374124204,911766.9218948204
128,Connected TV,0.5056355187001103,92673.85293272792,658578.9176801606
128,Paid Social,0.3672437662305715,40478.6677694419,197963.47931612533
128,Display,0.4992383764393256,78579.26738397489,390995.7464699057
128,Affiliate,0.2081026927511572,51328.25877282752,338769.8783651814
128,Email / CRM,0.6385030972466468,51165.88496066258,249093.17796816185
128,Direct Mail,0.5043132924256188,99618.17822947585,190681.0075603956
128,Podcast,0.8944811213162347,25904.63038015531,89086.36586348139
129,Paid Search,0.1689024324544695,49843.34362459136,871346.5745032257
129,Connected TV,0.6829872745049163,66316.22102636818,703894.7399778523
129,Paid Social,0.5071529300515482,82312.58117463271,265995.34176769556
129,Display,0.2650941153425482,36973.05993093847,149282.12156283966
129,Affiliate,0.1111976524132838,37441.44359367747,184584.8096556983
129,Email / CRM,0.4166578261547145,10698.589213284824,177593.92487811865
129,Direct Mail,0.2517676788159546,74626.81493954538,176899.1885962734
129,Podcast,0.2914339411658304,39869.223317741205,157542.20380235426
130,Paid Search,0.1312725410467549,35805.14954192329,1017942.0220382636
130,Connected TV,0.7072213095486878,34016.28720542573,508817.03856291
130,Paid Social,0.0920040251853591,40530.20040004115,157360.34044408717
130,Display,0.5332908869186682,25153.8768968751,101245.47904660332
130,Affiliate,0.035848303949022,29179.441301277013,205602.4848483254
130,Email / CRM,0.5821465132166578,7999.802023691321,222701.1484874277
130,Direct Mail,0.7670005121530131,70232.14241199498,256867.549398816
130,Podcast,0.419244776722536,24257.161974244344,78465.12449636807
131,Paid Search,0.0536162975524626,36933.65045176979,1020600.8329918942
131,Connected TV,0.6948509313856494,48168.18152922537,421537.8118945998
131,Paid Social,0.3855665818130058,42841.23166965067,183139.302869397
131,Display,0.6863805513224912,48042.83040461614,347023.5795274875
131,Affiliate,0.1237751235571548,20086.184036381102,343057.743615986
131,Email / CRM,0.5856812816010901,12355.961918999838,90251.32137524476
131,Direct Mail,0.2482605307774015,58406.664858510376,37194.77485510602
131,Podcast,0.416230260349419,31375.497075436353,103258.71029220226
132,Paid Search,0.1879098424080307,34621.96412098059,878062.1645110935
132,Connected TV,0.4876947277620733,120295.18948235193,674781.7308392416
132,Paid Social,0.5382834909992185,34585.65997112886,232511.39951008937
132,Display,0.6142204229647276,41701.152403774,255602.74374160275
132,Affiliate,0.2890643007386421,75830.81941233895,345720.80905100337
132,Email / CRM,0.5576503685133519,13122.139154334038,41808.18157980411
132,Direct Mail,0.1592286088586147,85382.04254344887,135466.05877045207
132,Podcast,0.6323291597884378,19626.992315399217,3474.9142743137986
133,Paid Search,0.2334597652988012,51006.29793198912,889030.2801790172
133,Connected TV,0.6459791766156542,53753.77914964333,637012.6901363952
133,Paid Social,0.4561914646573551,69562.86428240254,309165.11421727436
133,Display,0.1754261212217267,46287.71339766459,307489.1561039529
133,Affiliate,0.1161490064175866,140820.60878653557,795172.1913151689
133,Email / CRM,0.4192585791097308,7138.2427145945,37849.88061708637
133,Direct Mail,0.3467302086196097,156237.96201477508,371370.4798042812
133,Podcast,0.858467615731675,74726.10214793633,281191.67125993804
134,Paid Search,0.2325463048632287,49311.19984145887,788548.2499535368
134,Connected TV,0.7033569223287172,65116.709545406135,587945.6806538937
134,Paid Social,0.4221801494813548,37920.12135415523,250927.61001433697
134,Display,0.4847636881353391,56124.50817858083,309712.23423539754
134,Affiliate,0.0725744441415453,28502.587892501688,228298.48430783887
134,Email / CRM,0.3870189551261314,10642.15852608175,142371.25314134665
134,Direct Mail,0.7093878434747549,28313.157891686707,228805.1932946273
134,Podcast,0.4589277152756018,251053.86072263325,84962.72612484364
135,Paid Search,0.0710409686434175,42049.737347889786,735376.0052106181
135,Connected TV,0.5725552703939059,71082.15330389902,428891.9176678363
135,Paid Social,0.1769681128520117,172962.450951137,331384.81015687477
135,Display,0.6542881704003048,49918.967703903254,272738.7128773559
135,Affiliate,0.2609406089400482,22058.945895278368,353039.82385214674
135,Email / CRM,0.8730893303591187,33117.41096612737,34018.60106891851
135,Direct Mail,0.7378626506663795,47075.45218930725,220844.5531601771
135,Podcast,0.2983211104175335,18370.13218972516,50862.06309354486
136,Paid Search,0.1294186527233321,74610.94093890362,467368.2455783909
136,Connected TV,0.6007842887570992,30461.385804129997,247867.9399844567
136,Paid Social,0.2228306933421676,86489.40372701849,143714.44980042925
136,Display,0.2701753143815409,72262.403918461,356855.10479748965
136,Affiliate,0.7771821073448805,28207.115351940276,39173.82086730552
136,Email / CRM,0.2937171123087794,21289.832150231217,77873.26095737013
136,Direct Mail,0.8429215937585497,82342.47179149257,696974.2304504154
136,Podcast,0.387386529316388,21191.377881262815,46020.604011038275
137,Paid Search,0.2124681823439303,38350.86192212889,1086795.519380278
137,Connected TV,0.5313443086471704,76605.64976517844,677424.8925356766
137,Paid Social,0.3146100388562698,43974.65580168846,400883.8541176299
137,Display,0.2766871189096513,29297.603021169307,235394.37044964297
137,Affiliate,0.3484455371432872,28944.5025992202,384212.83622514736
137,Email / CRM,0.562506289816864,22828.33083616677,68875.98311077377
137,Direct Mail,0.6262213631430058,70978.5827268317,79018.7757706834
137,Podcast,0.8195576460683061,164313.77151522518,255237.72396383423
138,Paid Search,0.1710215774605908,54012.79705558292,722690.9074096801
138,Connected TV,0.4226298207395717,79670.68263972622,436690.8546254302
138,Paid Social,0.3382510487866546,265901.26889551524,230364.74871252797
138,Display,0.6638418586232918,85485.18178817425,318812.66406163794
138,Affiliate,0.0687962401474169,31751.34340632423,387938.178091012
138,Email / CRM,0.3443714486970763,9664.87292449506,6886.1945673094915
138,Direct Mail,0.6866828659055485,33575.89566631097,290966.37951641175
138,Podcast,0.4415570721100875,21078.00453680992,52826.72100244735
139,Paid Search,0.0380899681951343,61791.01854518906,312130.28925945034
139,Connected TV,0.4964373213426739,84816.40583738785,513204.3930392276
139,Paid Social,0.305755254013242,232374.57204759025,667636.69331178
139,Display,0.8104445619152281,100182.25087390403,1042948.9370488604
139,Affiliate,0.3851434809633738,15644.533055078327,296747.3256853587
139,Email / CRM,0.7570116843135803,13963.681174273952,180421.73439594067
139,Direct Mail,0.3476050568653603,204402.05545556935,275828.5735132106
139,Podcast,0.5955484351058635,55930.368391203105,97972.63761789825
140,Paid Search,0.1966726764687951,55497.7434748277,590084.4719820698
140,Connected TV,0.5768713906520392,73241.86576943235,547893.9067168299
140,Paid Social,0.5883158315897687,295377.07654030254,912755.0966490484
140,Display,0.2920934560053097,49495.91459867483,110143.22199372196
140,Affiliate,0.3322533534726921,73071.7970067789,545266.1034683973
140,Email / CRM,0.4746999316976483,25827.28804849684,114157.39012855482
140,Direct Mail,0.2258072853258407,133188.52636893216,137232.72061450742
140,Podcast,0.6963172524973322,10462.38741815842,367.02593427633815
141,Paid Search,0.1015227306755334,36250.87423705975,1002197.5142709468
141,Connected TV,0.5185530880514861,25230.81719595323,245408.77372835865
141,Paid Social,0.670018053983307,36423.71821873914,219189.2776458747
141,Display,0.684019416026209,57498.50028829253,567583.3654161835
141,Affiliate,0.1011100486842873,44995.45131860559,241463.9892865917
141,Email / CRM,0.7783540346242963,28032.47321955251,157312.043225677
141,Direct Mail,0.6078072773146754,60349.35158580051,161031.41658531505
141,Podcast,0.70321171444473,25640.03073421496,162216.41973095757
142,Paid Search,0.2438165051561277,53757.80886902824,745564.7045751556
142,Connected TV,0.4065981609698328,78766.70324999555,393953.654482498
142,Paid Social,0.2498790789932909,32458.27510321292,306211.9753191422
142,Display,0.5420216991401853,69107.05876924636,240632.32808832137
142,Affiliate,0.1875134302359689,60112.17409459936,279355.71045309363
142,Email / CRM,0.6262315052535132,19374.85026551005,62014.206463717754
142,Direct Mail,0.7120126926948958,56990.6767451767,359036.6207705098
142,Podcast,0.7794503973173741,64699.03390120761,437664.32614412205
143,Paid Search,0.1228981986685967,44237.17175045758,774247.8515468729
143,Connected TV,0.3998209684141757,105835.16426683756,406927.59227146994
143,Paid Social,0.6396440545491036,29174.83736365553,476987.82400332874
143,Display,0.6045366404759858,48567.0470316413,172149.52546033877
143,Affiliate,0.0085773138662035,35163.159204849275,282987.3440281057
143,Email / CRM,0.4728355474729295,14882.412017361645,39360.65251673872
143,Direct Mail,0.7634007868612885,27207.6060656863,251828.65098166137
143,Podcast,0.705054436460867,29195.821162034543,82425.49219763727
144,Paid Search,0.0427258889797466,40129.753215945275,786971.3839334936
144,Connected TV,0.5188811641747061,40862.16249914585,294290.85537290876
144,Paid Social,0.3964967393175761,41034.8596997611,147094.87391278704
144,Display,0.3997478020338646,103974.56429173268,285794.1786091074
144,Affiliate,0.2333891151490958,34440.87773612491,340129.0405293314
144,Email / CRM,0.3779975697292534,11521.06474632809,123644.6608317166
144,Direct Mail,0.6434735763316014,19671.76302563398,215583.72476864257
144,Podcast,0.6497452427516056,16179.000487424224,145773.32443965418
145,Paid Search,0.0794019878652169,45849.55261850589,636140.2775083804
145,Connected TV,0.630174764157416,46801.72105832528,433052.1569801392
145,Paid Social,0.5633747317587487,118535.48146827036,238389.8374331752
145,Display,0.4263626292782339,89295.6250147745,346603.5863444271
145,Affiliate,0.5412299846041376,61799.46947138379,159816.8657356907
145,Email / CRM,0.4201387585402262,7527.478587199938,132807.9983309257
145,Direct Mail,0.8252856733400014,374531.4248809212,407581.87179231626
145,Podcast,0.4908922234221817,39793.911066994224,255681.62117702112
146,Paid Search,0.1106705184269375,52228.920822181746,696536.2279984975
146,Connected TV,0.5225706774773683,34253.17637001146,270961.773690424
146,Paid Social,0.3108175235874273,272664.2560825762,477532.7421021928
146,Display,0.7196919826414484,33585.85023608668,191631.82517434517
146,Affiliate,0.0508891203801962,34980.01950053237,231515.51963154512
146,Email / CRM,0.2004029056927708,7256.892415701049,137382.72685948253
146,Direct Mail,0.6078773418426349,67484.3215006104,276374.96932070237
146,Podcast,0.8488409620568887,66990.65034600608,94126.95508687696
147,Paid Search,0.1474984061625336,71270.8067112525,506470.9795198947
147,Connected TV,0.5035181596215865,62707.390858851926,446151.92250487016
147,Paid Social,0.0278318510099534,390044.09921614866,467000.5249172566
147,Display,0.4802363490988223,165207.87003217565,827355.678437352
147,Affiliate,0.5225331446240841,22069.242944476387,246201.69973460044
147,Email / CRM,0.4009968989853424,14082.490320235198,153764.0884994109
147,Direct Mail,0.2424673592031912,306331.12886538013,450422.3056679429
147,Podcast,0.2752949737363939,48105.07699276662,80945.37995142097
148,Paid Search,0.1858782347731966,50993.04329214021,703810.174591302
148,Connected TV,0.5216316246103735,77762.5015447387,704815.7843971002
148,Paid Social,0.4226946427158435,79820.34493621826,139823.38918203616
148,Display,0.5174859534830816,53351.50892583377,292745.5195841941
148,Affiliate,0.1828662786268714,28055.631101213898,191434.1669757844
148,Email / CRM,0.4501931676056021,22823.634284366133,177914.30106338873
148,Direct Mail,0.5468601579883506,197604.20050366767,240080.97936673652
148,Podcast,0.7564075837160488,66685.25574593557,321271.29972990596
149,Paid Search,0.1705370329763684,45170.77509590369,678053.7473289646
149,Connected TV,0.6192393527898311,56224.15369035619,558690.3066573542
149,Paid Social,0.5931656408298079,36395.71042205023,341314.98212177696
149,Display,0.4327391826592057,61823.96959667913,353815.5370189724
149,Affiliate,0.1713282151110126,33214.458881276856,128594.61336317776
149,Email / CRM,0.6675186256623661,17239.769565059276,259953.90215388217
149,Direct Mail,0.3280362524362427,112585.93965861696,123303.46555235994
149,Podcast,0.3104756730074653,120894.21672014474,367579.83567347314
150,Paid Search,0.1711027611177843,55649.97889624231,862753.5178744948
150,Connected TV,0.7062864843171031,117770.38609186784,848946.518271742
150,Paid Social,0.2987050866727128,41404.46478183489,454107.4822100642
150,Display,0.5842066293196384,91964.5056047776,735867.7652713205
150,Affiliate,0.1964700165117187,42942.964267511,177920.61112655807
150,Email / CRM,0.4261977307830202,21090.402391181615,97644.350099446
150,Direct Mail,0.4045849847670322,26496.124440238524,96439.85697873236
150,Podcast,0.251708013154842,22212.58635443489,152267.32280851997
151,Paid Search,0.1957675615204932,42945.18259258914,882034.2091955367
151,Connected TV,0.7204996153912674,23236.41273066809,354156.7929335176
151,Paid Social,0.5269450858740268,41307.17307343706,178596.90854339843
151,Display,0.5250983498315334,120458.21540272408,425870.4852836898
151,Affiliate,0.3502475608575595,23981.649273333493,333539.0579579827
151,Email / CRM,0.588876524861257,33592.63029508803,116760.85694153716
151,Direct Mail,0.4507310219573203,25692.147378287875,128545.22517841191
151,Podcast,0.4461005768746942,108010.57220632734,410009.6594903213
152,Paid Search,0.2416734548311582,58127.851127290094,573211.9222250825
152,Connected TV,0.6615603214610662,94706.95000704651,646004.4956615574
152,Paid Social,0.3042410705558321,25349.834761984737,321176.4017515189
152,Display,0.3237362523484376,69174.26926215355,380665.01206248504
152,Affiliate,0.0773866773527011,58770.96646286759,266104.59691540885
152,Email / CRM,0.9727231308652872,27793.706789128428,118098.17453591288
152,Direct Mail,0.7017074904641158,111900.27473606826,65944.20160339109
152,Podcast,0.5806394704283988,12292.308020455985,78362.53414751834
153,Paid Search,0.0421101803149504,46143.96654242439,620342.420943058
153,Connected TV,0.7113912468468775,46961.031900024136,576168.9197557057
153,Paid Social,0.489199432041103,77078.89152237923,253584.78797680183
153,Display,0.6350341353652829,44694.30459148432,386500.419189862
153,Affiliate,0.1524946034796453,94715.32530508934,305357.84109406575
153,Email / CRM,0.4055241441472288,62058.119491086945,440214.10014969634
153,Direct Mail,0.6863951491169942,121984.18531115876,66367.47456848028
153,Podcast,0.2950209787896857,24875.136258809696,78703.6722176939
154,Paid Search,0.1053992671423651,56126.515471595725,460307.1252729027
154,Connected TV,0.6600495944510393,71497.10514500993,778361.6555898581
154,Paid Social,0.5471066977368408,345324.18925273645,1121105.4057016617
154,Display,0.3626759673944362,31435.217426085204,238388.60884643416
154,Affiliate,0.3881853850247083,39150.91254113707,277549.4969891784
154,Email / CRM,0.1393946988423567,7334.705063357354,100472.3646813339
154,Direct Mail,0.5962083404740879,203341.3088342794,482419.6861575467
154,Podcast,0.4872064231914385,18147.31111902901,84320.5361921227
155,Paid Search,0.0628912023532202,36846.98798916002,875160.3896690942
155,Connected TV,0.2833397929108043,112072.46884556932,608044.1204355877
155,Paid Social,0.2860883834479921,79334.70373951978,140024.00189756916
155,Display,0.3928806559346945,24764.480119918386,334520.3992365827
155,Affiliate,0.1218348600916438,26973.511683146113,206731.7971838924
155,Email / CRM,0.5694590992929531,9121.190710668225,176233.41067521556
155,Direct Mail,0.7112965148862194,72379.45178806891,428553.2227524908
155,Podcast,0.6808890643439521,7259.174187006035,49036.70868521779
156,Paid Search,0.1564599386650183,47772.30897162014,752121.2049843424
156,Connected TV,0.742785251675974,48548.84840440407,472099.7060879156
156,Paid Social,0.3401541865155391,133986.5258999225,473863.5955759152
156,Display,0.6541291734261986,33848.022637222275,174669.81116692288
156,Affiliate,0.2163285354982546,121069.74875514382,564221.2626365146
156,Email / CRM,0.3652275419585623,6916.182556300287,155354.1785778349
156,Direct Mail,0.8142373004627862,871795.9485725771,262530.42144111736
156,Podcast,0.1228804387606829,8181.015543086631,35729.48941564167
157,Paid Search,0.095593001440586,42349.60949785404,968781.438406646
157,Connected TV,0.6063377498845985,91340.82384233893,859098.9852932597
157,Paid Social,0.5399760951933218,32655.686024377497,128471.14811112027
157,Display,0.5555416787973132,58733.536551325415,338669.716848558
157,Affiliate,0.0579697857005977,28549.122963597136,339053.0829311812
157,Email / CRM,0.5435196558787406,17809.521191726435,31136.76760769655
157,Direct Mail,0.5738326138087361,134884.7352625053,391794.65388292365
157,Podcast,0.4793335311834956,12531.47505024258,13377.418673712304
158,Paid Search,0.1056564432395556,46577.01488284279,885087.7912596776
158,Connected TV,0.5865504651669535,55859.244960595686,430548.2920387441
158,Paid Social,0.5351097582286152,78330.23778943624,147497.30647086952
158,Display,0.4972448243996989,53585.51894770348,285114.7028393441
158,Affiliate,0.1503645672130995,57033.72720012805,270163.6879885714
158,Email / CRM,0.4339962400372983,5913.115086843858,76256.82376065035
158,Direct Mail,0.7007427999839404,34524.05031982216,237043.52289558883
158,Podcast,0.5553624689951896,25434.19462186748,116189.2477687275
159,Paid Search,0.1567651923381265,43663.932969413254,856838.4143919741
159,Connected TV,0.56044404448371,70044.71075265159,564324.1021176071
159,Paid Social,0.6386642800875366,60141.0543014876,453880.440076518
159,Display,0.4149073759633909,69909.80071667413,399413.420999125
159,Affiliate,0.3811751922897749,23637.026846788565,182631.23729273796
159,Email / CRM,0.7758796428041734,15249.231673567869,35536.35267896206
159,Direct Mail,0.9613493932773324,103984.54382075192,388245.71676883666
159,Podcast,0.1884314242855432,21104.07792363175,85850.94165642092
160,Paid Search,0.1745473058062274,45844.38171162159,885228.658736261
160,Connected TV,0.585691349905058,81685.08300767948,604600.1802057966
160,Paid Social,0.3738691477483843,67853.71500896406,209913.9212926482
160,Display,0.6667522865215899,148986.407718299,1032012.9884542116
160,Affiliate,0.2032392825740468,52617.62355626757,395545.00090442743
160,Email / CRM,0.3567122100134273,11842.687307891936,163695.93474378108
160,Direct Mail,0.1335893443309161,510821.8573765759,145675.6073542083
160,Podcast,0.378013824116041,69468.91918268034,153956.51263895765
161,Paid Search,0.0596050526444583,34609.12589548831,1067606.451212982
161,Connected TV,0.5301363175929971,76749.58386559601,508094.8081688162
161,Paid Social,0.7348195969316977,85322.01634672689,328891.95471253764
161,Display,0.3583730298092559,88308.89072506303,345432.5756922043
161,Affiliate,0.1308325049959153,50005.35539540513,252373.40396763277
161,Email / CRM,0.5273616391666908,23061.04660378335,504523.83454081934
161,Direct Mail,0.8014576182204775,60550.212534466635,11399.626760111152
161,Podcast,0.5168864190832992,62934.00439365777,369896.6168970433
162,Paid Search,0.1957857397507994,78570.55066098642,476913.338733283
162,Connected TV,0.6139196794267637,80564.65362287017,651814.2605541932
162,Paid Social,0.7410405782112961,99555.7844537415,492863.1671925112
162,Display,0.6924744145087749,86917.16686264491,176055.73805407848
162,Affiliate,0.0409323917901564,15977.145690544963,388240.1477768888
162,Email / CRM,0.1003402129721792,13868.84519620288,98057.90651993184
162,Direct Mail,0.2791371978171619,63105.13190430668,218351.49915335575
162,Podcast,0.6541622937030667,49842.64258865653,74388.76636291725
163,Paid Search,0.0927779526306244,51612.94884311871,601619.0779435637
163,Connected TV,0.3898791333737204,52359.341642150255,369431.98159537633
163,Paid Social,0.7696015351477806,77636.78705977144,353458.490277758
163,Display,0.616979508864951,89569.77782237605,576617.3948321425
163,Affiliate,0.2044672736907484,68608.83885515678,242837.8807269883
163,Email / CRM,0.3247234473017925,9001.968772568458,100648.01774729736
163,Direct Mail,0.3402290651908339,36985.40409590328,49805.09269521823
163,Podcast,0.8017588782368613,20465.7485453184,193006.38790216693
164,Paid Search,0.2880884700015345,58974.91316311253,585885.1683399561
164,Connected TV,0.6258260125317053,106482.5681437311,1017754.700729083
164,Paid Social,0.4966043226907441,70677.07663882273,254772.58007937425
164,Display,0.1527851199314713,62764.67390929689,108657.55644130558
164,Affiliate,0.1710708971650826,141137.13270702126,994940.2398520898
164,Email / CRM,0.3656450056521876,23159.687262037387,138110.7270541362
164,Direct Mail,0.5442020078930605,111941.7050424084,349137.81849403394
164,Podcast,0.6102384003314226,19118.444132076056,319.4845592258519
165,Paid Search,0.0635371117755757,43297.59311706303,864217.1554735877
165,Connected TV,0.6006302497355285,124534.44272701754,921266.138092567
165,Paid Social,0.3619388764527244,296132.44660636486,378762.2779471156
165,Display,0.510247508118826,115690.40379123791,534224.3878771377
165,Affiliate,0.1954292201622299,33449.323063701806,385858.0035800672
165,Email / CRM,0.3001126824780704,9415.387154094578,110115.3653075991
165,Direct Mail,0.6024311036675666,55604.49160014081,119666.33276119149
165,Podcast,0.5550039149810387,8221.45600670056,33713.05984806684
166,Paid Search,0.1208221041649761,27888.54928468107,1256697.6439325542
166,Connected TV,0.6398331398527208,64891.41267587842,541247.6809700215
166,Paid Social,0.1787633037027324,207777.1768327919,267207.0323457688
166,Display,0.6329863993767743,72640.32108792009,246582.05437625575
166,Affiliate,0.0516998672972359,37128.082463366125,201105.33912416376
166,Email / CRM,0.6354584632744027,16397.476436980367,150483.9062744531
166,Direct Mail,0.198661117435464,28042.205830624625,42922.383097206155
166,Podcast,0.5049256461759263,45275.2346064429,141696.0274875167
167,Paid Search,0.0994976736481216,66429.75801160917,585079.1988525332
167,Connected TV,0.643124268474699,48430.90772305385,455162.2033534894
167,Paid Social,0.0827981251712243,111106.77957050264,10270.809318545813
167,Display,0.5408276911372614,49044.958686591715,361102.7763801545
167,Affiliate,0.2487788683829195,33764.65131176899,173945.83380683506
167,Email / CRM,0.5847079732333268,5660.7970894928,161343.0311002894
167,Direct Mail,0.6227816831764015,198437.39092097327,94812.97923870404
167,Podcast,0.5268259334885284,72705.64424198281,390534.7550456626
168,Paid Search,0.1529427752122076,52468.68317606731,668558.6783576985
168,Connected TV,0.4847194988652883,72793.07576680992,434277.210109012
168,Paid Social,0.6984247383052229,100886.382378879,515860.66958203755
168,Display,0.5233728786738944,208987.6206503633,1120112.738707622
168,Affiliate,0.1211396099793972,62340.14564395596,513944.4371382704
168,Email / CRM,0.6448190819808337,32904.12574524104,183889.98737317248
168,Direct Mail,0.198287308443719,249114.85890695476,296174.4696159377
168,Podcast,0.6257977093202919,31101.351780891535,111542.32002217692
169,Paid Search,0.1168357845215548,45774.504179019954,736983.1075341657
169,Connected TV,0.4207326581991103,56896.16410467434,268769.37222818896
169,Paid Social,0.6456143738684423,42198.3295568845,73742.04415474598
169,Display,0.5601053630071421,102303.82427444147,787641.8466607095
169,Affiliate,0.1297316925646341,67850.89918837152,170611.05613807624
169,Email / CRM,0.6142767529023938,16140.005523005197,288771.18426299834
169,Direct Mail,0.6208677920232654,169383.3323674994,418365.54571445816
169,Podcast,0.5250277951876576,35386.118724303145,45435.52359156483
170,Paid Search,0.1052668635947801,45809.934549448546,771023.6878319368
170,Connected TV,0.3078846802009746,67670.66825372895,297725.1252423752
170,Paid Social,0.6105505310555956,155312.41667299427,282310.1705462586
170,Display,0.6086015085110204,117485.02628673424,547343.1511630692
170,Affiliate,0.1679575278807564,24751.953939940653,253723.9038865551
170,Email / CRM,0.4862217824055336,12738.60631409816,75961.79254786149
170,Direct Mail,0.3645531592241781,120699.73744209245,103463.03359033544
170,Podcast,0.8841978085561845,31178.168389500453,157521.91293788303
171,Paid Search,0.1569245437697756,44323.16490043007,889891.3299312515
171,Connected TV,0.5061261307704854,40478.52480917534,309144.1600036845
171,Paid Social,0.4815959088634532,162568.26782696694,467686.95091272594
171,Display,0.698923437298592,163790.09437442306,894912.5817963744
171,Affiliate,0.1699144314250372,18782.562946063663,317022.2956270435
171,Email / CRM,0.4155678927244978,32314.89509767328,93018.0833882121
171,Direct Mail,0.3406699865774323,206569.04600962572,244909.1009979384
171,Podcast,0.7837274942741809,37984.54059420599,245021.9792368695
172,Paid Search,0.1695434765867879,37524.86869220542,1043058.0860909446
172,Connected TV,0.5798565756639815,49798.484967917466,363705.7118126215
172,Paid Social,0.6967022892448486,38386.659007550654,270704.06247316883
172,Display,0.442434890165053,61744.74248764666,230909.8274491871
172,Affiliate,0.1772290745984711,29400.20852195641,273120.1167319297
172,Email / CRM,0.8560785222286685,44854.753370737264,34565.830812387256
172,Direct Mail,0.6489392381306859,47636.850097249575,159807.61085717217
172,Podcast,0.6021994907667052,33536.82852719647,152301.79980431564
173,Paid Search,0.092349692900646,36313.4436970038,978539.7673710474
173,Connected TV,0.6190406118751937,160270.91899059672,1247194.5535490557
173,Paid Social,0.5175806889684272,27543.35496858695,700803.3606594703
173,Display,0.6322208048630623,123976.13616628696,610482.3349635304
173,Affiliate,0.1801517130485797,21139.303015227146,426407.53349332063
173,Email / CRM,0.2619224042187742,47895.56808211009,227908.19061861053
173,Direct Mail,0.1945025476708085,76018.14768721763,169206.58490432805
173,Podcast,0.3238941356958535,28644.274308681765,22893.943829376847
174,Paid Search,0.1369951683796646,39929.1858966424,942718.1902488256
174,Connected TV,0.6804007348095471,40135.7851053886,449719.7977376682
174,Paid Social,0.2168514362011326,33052.59280561997,439943.520602123
174,Display,0.4186291215366324,81235.72989459618,287209.41239512584
174,Affiliate,0.1740583123387993,22238.564175131727,285916.2812586738
174,Email / CRM,0.6849440093391848,15401.41047219999,114074.713294748
174,Direct Mail,0.4518634709777367,183731.8682083289,438568.6953458354
174,Podcast,0.7526508187611619,42535.79093659542,358130.39733695885
175,Paid Search,0.171772365940476,53772.41000858042,646629.6598619592
175,Connected TV,0.6546194323825235,77996.58687904688,602914.6935083678
175,Paid Social,0.4635452275854071,48259.507288476685,126318.58715647258
175,Display,0.4076649328226521,20038.12351058959,486652.8574735295
175,Affiliate,0.0975144185081024,38450.79382137008,152506.4676040623
175,Email / CRM,0.5314338032665392,9581.408720719455,102735.27284572404
175,Direct Mail,0.248765956181758,134777.54479813762,158283.93786563288
175,Podcast,0.1348775596200213,15372.216817578636,56149.39741299116
176,Paid Search,0.0927800535284223,38891.75379539703,834334.1302122128
176,Connected TV,0.5900576645430852,71591.72612114796,580596.0506159686
176,Paid Social,0.7524107730067197,77274.07539370585,644494.6419721411
176,Display,0.2824238432127164,53552.71760729718,243902.9044188535
176,Affiliate,0.2151095154688143,54369.46720304259,281147.25695620076
176,Email / CRM,0.344491703666963,7034.9747431592405,90377.4724721656
176,Direct Mail,0.2736766879625436,317415.6191978473,665684.1323469011
176,Podcast,0.873677896813018,41524.91224421517,6015.649169219755
177,Paid Search,0.0461167258699631,45679.28831111756,892912.4480875734
177,Connected TV,0.5029651736539795,125209.79312057584,874071.4908863943
177,Paid Social,0.521044956741653,195417.094896782,96498.42926289202
177,Display,0.4117439208658457,39008.14673431544,304144.2630186311
177,Affiliate,0.3978553615354071,75275.30191729705,452753.70840580534
177,Email / CRM,0.3346565786506569,13691.893538076813,213240.39460948244
177,Direct Mail,0.468840854309609,59279.566560977546,179085.32499916063
177,Podcast,0.7891666000782028,13801.310464591052,5534.741756106626
178,Paid Search,0.0986033848400302,49068.53763768401,814500.7235338966
178,Connected TV,0.7763268295028201,92994.56039053523,973180.818939433
178,Paid Social,0.4633151157487459,764632.5312069454,610312.4831552847
178,Display,0.6729802398540914,41861.857785145934,208308.5264029613
178,Affiliate,0.5233484939671246,24384.523321839595,41380.54293600802
178,Email / CRM,0.7204286791510086,10375.839793218987,59635.71246857069
178,Direct Mail,0.2424756052824599,81249.05173401599,104741.92459800743
178,Podcast,0.58559916845419,25627.87249160908,236712.95023358896
179,Paid Search,0.1704756149119029,73452.28597586977,400036.63589112874
179,Connected TV,0.5266183951130837,38882.212838434425,361268.6951783041
179,Paid Social,0.5270302992142734,62169.444139941814,321373.1530275722
179,Display,0.476319397596771,34985.31394239829,393789.9560386223
179,Affiliate,0.1096993616141865,44331.88789914216,287090.35793966945
179,Email / CRM,0.1535548389856028,13341.010046722597,188135.481566707
179,Direct Mail,0.2456256498981653,40851.94865513133,46906.8810242278
179,Podcast,0.6543477535878681,33914.00962672917,117818.62136708996
180,Paid Search,0.1868934237669649,50876.112457610594,794347.006847298
180,Connected TV,0.659839477191457,48124.20230180706,506423.69318969816
180,Paid Social,0.3700089667220387,71056.15370290678,376546.8915195927
180,Display,0.4888392473292891,66206.27016564646,330483.18588883564
180,Affiliate,0.101454388026719,31114.897071652453,258217.68420261767
180,Email / CRM,0.4096590022631476,18735.573372978204,187212.8998918395
180,Direct Mail,0.2198054301897145,59277.32188827546,117202.26196224222
180,Podcast,0.468099906696048,43720.824764494864,164240.75195531736
181,Paid Search,0.0897686666597267,53740.43685430873,673394.3580844016
181,Connected TV,0.4005277259746801,93129.01620844932,457853.01477716793
181,Paid Social,0.5266896272452616,59965.11789406082,336814.28928821516
181,Display,0.4835057645170197,100405.84916116513,726217.8373084662
181,Affiliate,0.4577356090732803,14834.722486139966,251380.60916890533
181,Email / CRM,0.252663870113295,31445.98693420511,132348.85066248823
181,Direct Mail,0.4492635287464535,36899.03962201984,148709.63360695148
181,Podcast,0.3046999421368728,16416.354621456896,67512.85355398757
182,Paid Search,0.031348448621416,42345.57788755572,681705.3011823682
182,Connected TV,0.6899289073170544,37942.60759478872,294701.23165963584
182,Paid Social,0.4358771901961049,33203.546413335556,464780.1360651801
182,Display,0.4463822692161793,62694.57269796288,414598.56407559
182,Affiliate,0.5492464486051154,37251.808847307184,88284.80097780128
182,Email / CRM,0.4996734081778582,51990.78683383955,195369.38677519409
182,Direct Mail,0.4889988607206744,50830.89435136936,165201.47849215782
182,Podcast,0.2007911351609796,43667.68133709375,119999.41279715314
183,Paid Search,0.0500429704582913,44034.46686874446,708861.0377682435
183,Connected TV,0.5544134690457101,49699.06086469111,390036.21035513154
183,Paid Social,0.5551935681384543,106496.22054677866,407503.03016549535
183,Display,0.4881121342651789,69499.57053614431,170557.58551766782
183,Affiliate,0.1748970059297959,23492.37549980427,231121.0447000008
183,Email / CRM,0.8420590270698071,23757.98514907942,95191.51480761611
183,Direct Mail,0.2812041860608961,59113.69835715171,57459.82532289776
183,Podcast,0.5674577690914963,13840.435805992964,37771.64171692965
184,Paid Search,0.0591663325575542,43201.14064311333,579737.6435608491
184,Connected TV,0.7175396683407987,28048.94914364075,371075.10351081257
184,Paid Social,0.4448631323477299,37449.00676703193,210952.29105842617
184,Display,0.7662126614000663,172066.60945551714,675537.923134516
184,Affiliate,0.2721828642407414,31140.51081844908,373505.7753242653
184,Email / CRM,0.200591090943054,17023.010725162156,25748.97839236778
184,Direct Mail,0.3469713469940618,78668.81294184049,149279.88641707264
184,Podcast,0.6018081772197271,54589.50478009192,278803.4903523686
185,Paid Search,0.1885447991532739,53644.94561453126,632833.8176563532
185,Connected TV,0.5239640193006811,352285.4047947102,1312644.8911646153
185,Paid Social,0.4189303715637676,646570.2902257863,1281726.053537357
185,Display,0.7311698451680091,246131.60281255428,1263270.135146815
185,Affiliate,0.112538720557888,45257.66246507769,269994.37138072256
185,Email / CRM,0.3303491923934791,5199.4835646744705,58509.351462454
185,Direct Mail,0.3808171808394354,181216.22719192243,158162.04379921925
185,Podcast,0.7180068788426909,25590.13872125126,262040.2445404131
186,Paid Search,0.1237387662111444,56614.57395052788,473372.5471895743
186,Connected TV,0.6248536028277031,50124.662513315605,480355.005026729
186,Paid Social,0.6437012837833748,75705.6926958332,428181.4649298738
186,Display,0.531880322206701,146170.91726061224,725286.022379328
186,Affiliate,0.1647282269274723,80367.4395020279,402402.6614815301
186,Email / CRM,0.7854981815112047,20499.53864828366,15298.515977424682
186,Direct Mail,0.3736751096825118,156240.3950339373,107641.0459274899
186,Podcast,0.1560384393102976,42513.25344498732,14077.444919017717
187,Paid Search,0.1323616468095291,46748.72462003443,736813.5352026336
187,Connected TV,0.687049126361906,68617.24318197415,589311.5586953616
187,Paid Social,0.4194120871804042,425361.41340460064,1162349.2514683974
187,Display,0.4463526102199171,93928.84656305135,360817.4241712887
187,Affiliate,0.1033801962472119,49438.46885265582,190541.97462300927
187,Email / CRM,0.7438763596908889,151969.07474040778,235109.6528445912
187,Direct Mail,0.5126686618569128,45082.94326427393,198659.39856903575
187,Podcast,0.7855915336997218,34553.44842091565,134625.9847024574
188,Paid Search,0.131242408467838,71551.57366666282,451811.5412869584
188,Connected TV,0.3403251374618351,52291.028961934346,274955.9387918518
188,Paid Social,0.558547274615013,102432.60817068348,307224.6437511262
188,Display,0.5778187740956428,166213.4787552272,656457.7455111522
188,Affiliate,0.059280524144394,26322.19059571433,261687.5250621808
188,Email / CRM,0.9495908623172336,9860.859112109933,80467.61372997613
188,Direct Mail,0.5424997458630104,102576.47403727083,376702.60905134905
188,Podcast,0.5606868555095019,52380.95241214425,76888.35587597838
189,Paid Search,0.1182047703151601,52010.55535868542,720938.6559714045
189,Connected TV,0.5164523386430273,80522.85175032991,620984.4532553102
189,Paid Social,0.3687678077454879,37175.68425869544,279159.7455938324
189,Display,0.4293996769635957,66226.63023328388,348886.32003357855
189,Affiliate,0.1756129569836096,18932.548317411296,482524.3169243768
189,Email / CRM,0.5438819427263815,15171.757851002913,295734.0175255455
189,Direct Mail,0.0558327506491565,86425.60047096621,176075.87544434585
189,Podcast,0.507176627965142,19329.28822781269,28389.912826084543
190,Paid Search,0.1042808154093491,66778.83225348132,527786.5021931218
190,Connected TV,0.4073465714108906,58182.89521976458,340349.9396027564
190,Paid Social,0.5809048484346693,86042.1827915512,330707.7941923159
190,Display,0.499727796275158,12158.934745182329,688974.3690716733
190,Affiliate,0.2213136070270757,21984.71074078163,209447.5601922876
190,Email / CRM,0.5455938125676313,7569.439785703271,43580.411916280005
190,Direct Mail,0.5630127261549511,141465.97813174673,503586.38688078703
190,Podcast,0.5812698054234007,9495.198336907451,10833.357175071384
191,Paid Search,0.1067761350753423,43604.362287976,837668.1415794311
191,Connected TV,0.5517957371178454,51139.19483300636,357150.4109027404
191,Paid Social,0.5292863618925978,111563.97645073732,216561.2509364267
191,Display,0.5281205532494283,161837.7833815554,618898.8129947545
191,Affiliate,0.2245100356886806,82837.96084382673,603221.4875621058
191,Email / CRM,0.3635486279223798,23142.59357343257,133574.27636596106
191,Direct Mail,0.5151502218381695,352622.6213920806,976738.4713937476
191,Podcast,0.5726576848669468,17109.517362394854,26276.51359148277
192,Paid Search,0.1892924555631475,41242.4774101392,681845.117714905
192,Connected TV,0.7219078303323815,94054.96314358484,332275.96242412593
192,Paid Social,0.817327025196492,38940.630463473,199198.58076695717
192,Display,0.536587495203491,100756.33152121506,537430.7829041319
192,Affiliate,0.0470414831112239,67403.26657877458,266413.79819918575
192,Email / CRM,0.5998636641054389,22810.200532303443,1368.6356241407657
192,Direct Mail,0.4442124835170333,22301.393104270097,187897.72014563563
192,Podcast,0.6842656288517617,80070.23212825874,190631.818115162
193,Paid Search,0.0982840348735888,47194.858067054294,629989.6632093766
193,Connected TV,0.793344033767275,41329.32717046213,633187.7648048484
193,Paid Social,0.5915877515029896,91762.53175208416,76940.21222934313
193,Display,0.5898704197678176,54015.91260528118,115794.2200720624
193,Affiliate,0.076809080987245,28375.647990366106,84366.38460048042
193,Email / CRM,0.609923060609023,19466.66740395958,110925.94852776856
193,Direct Mail,0.0845391080011589,59574.072242104245,46609.24402734516
193,Podcast,0.6616140532867634,59377.35363555828,234183.90302095196
194,Paid Search,0.083575746130508,42829.38981505819,848386.9074594877
194,Connected TV,0.4710022402930654,90383.04642346944,495489.72398848453
194,Paid Social,0.8616732723883612,46636.88642026495,5256.464517879114
194,Display,0.6066731484359991,94758.8929284088,681354.2933530319
194,Affiliate,0.1808656337370895,117971.10837530674,629319.4073005753
194,Email / CRM,0.3707140250887566,18951.50167198816,214831.17945578723
194,Direct Mail,0.5879872333757347,100319.4581178939,523764.9582313873
194,Podcast,0.5814447025577552,47502.15317213454,327716.3193636015
195,Paid Search,0.1218470233987104,37413.112571175145,1088572.3898729784
195,Connected TV,0.536574716057772,134744.3680160428,925083.4604594838
195,Paid Social,0.3210577399455337,20581.815745235777,1084936.0380603657
195,Display,0.5063861592006289,94152.67809347014,556433.8548604539
195,Affiliate,0.2600817703337175,52024.64820404707,213208.0581001168
195,Email / CRM,0.4560354711122266,12940.786910775842,150831.13063680427
195,Direct Mail,0.6230890599947172,174085.54646652535,848735.5487674399
195,Podcast,0.4498415009019837,24986.561542607775,104751.92424055935
196,Paid Search,0.0609485938205499,43671.98619584586,934562.8701771968
196,Connected TV,0.6261942691235394,67533.68988118146,470920.331002908
196,Paid Social,0.3212010284011565,111824.38480218872,162221.38185229656
196,Display,0.4900711909509951,80558.15955268819,291066.13253679336
196,Affiliate,0.1734445094808417,38533.60722708744,349707.46969587135
196,Email / CRM,0.4615522964772856,5207.08123823689,254703.8763583464
196,Direct Mail,0.4108760499501932,207525.7413385208,877372.775191983
196,Podcast,0.6951134644554605,51015.43493272341,232896.87300803943
197,Paid Search,0.141106676658839,34432.33822090312,1031041.0759991044
197,Connected TV,0.7599969784452724,39195.83366958211,378420.8707965855
197,Paid Social,0.2986950519570755,28243.329758241693,671498.267229439
197,Display,0.5817343957315961,115417.38175423804,334798.1415886025
197,Affiliate,0.2515329711186245,72937.4756410018,512461.2315894482
197,Email / CRM,0.4927185783532781,16887.290049874162,154903.83534682522
197,Direct Mail,0.4460394229874498,66333.71817845429,183766.8958977763
197,Podcast,0.8620408977860274,58198.30686102226,112955.12532936032
198,Paid Search,0.1114613566602442,52189.3704362715,631949.7343600902
198,Connected TV,0.5479925387808308,37828.665371317686,292003.8626979927
198,Paid Social,0.3082751205218106,77001.46104817386,79761.69661612058
198,Display,0.4553995314219151,36570.364280418326,159450.64355395333
198,Affiliate,0.225601470812026,27474.945354253978,370438.1712992246
198,Email / CRM,0.1006780179655822,21274.967995743085,209749.0931579133
198,Direct Mail,0.5763149846798911,231252.30362374705,353465.2782201964
198,Podcast,0.6508154670639076,11172.574817717365,118297.54646627224
199,Paid Search,0.1733244198187927,43039.39758630878,961271.6407461072
199,Connected TV,0.508726024304434,86595.2967094749,492671.68804775254
199,Paid Social,0.8672120815777857,35655.50441068024,53503.00816365713
199,Display,0.6782802295173646,45292.914474832425,299807.9709255032
199,Affiliate,0.0927056081136582,66646.09294215885,337385.97324488993
199,Email / CRM,0.8590630763122987,29701.173195570715,70288.39386517808
199,Direct Mail,0.3270514836619153,79043.19281390021,99173.29908925816
199,Podcast,0.525564802334201,100887.73929904404,409048.4103001624
200,Paid Search,0.0865095540307669,41688.0727507853,801360.937614303
200,Connected TV,0.1262082732748551,226315.7328752439,691574.5542880062
200,Paid Social,0.8205788145914655,40084.08719228761,118909.008730876
200,Display,0.5568251839612833,89045.52787702747,402123.1805755219
200,Affiliate,0.0167461661367196,42334.06178302021,360682.010760996
200,Email / CRM,0.2114014410174171,7124.595277986212,158081.29830419034
200,Direct Mail,0.35979033451375,88096.10439619643,207365.2434651979
200,Podcast,0.5969605931321782,21855.43059899602,119380.18675123253
201,Paid Search,0.105652095361384,47375.294593971434,750282.3215921009
201,Connected TV,0.4679149528475546,95699.75980329789,650448.0702135005
201,Paid Social,0.4417088531158109,63155.65934030733,245396.52288665556
201,Display,0.6672843282008017,64789.44156572376,465981.871592992
201,Affiliate,0.189871710532526,31378.44313184939,333006.4058066415
201,Email / CRM,0.447805356625154,11479.876713737429,137664.49229180918
201,Direct Mail,0.6543369904945786,109946.42484137154,19668.22997390318
201,Podcast,0.6541422877707379,50016.60513705141,223724.66590867733
202,Paid Search,0.0916491333525156,46253.2078732182,684269.3150201044
202,Connected TV,0.5939082549361899,141363.65434804067,1218947.8085229532
202,Paid Social,0.5308553287744802,48425.32702582573,247810.04348185155
202,Display,0.7380676828084574,76912.70632373,155347.30461812243
202,Affiliate,0.2972220794440583,55432.35324950992,487207.2157899471
202,Email / CRM,0.5194325159397591,15419.35884491987,12966.583744438678
202,Direct Mail,0.366483235780705,92557.21147521117,118806.4070684925
202,Podcast,0.6533263501988276,29179.814739973695,126775.28935002608
203,Paid Search,0.1347815043020116,56201.02236083146,629651.2534189329
203,Connected TV,0.4988528812292244,77921.58107752938,587016.4931553915
203,Paid Social,0.7786492761164692,365597.0840169264,660053.0917841772
203,Display,0.3551599330977285,55939.05616832075,212406.33937391767
203,Affiliate,0.3481309443203952,16774.57733398888,357402.200573216
203,Email / CRM,0.2277916820996129,10340.58863948061,52961.930511003105
203,Direct Mail,0.2938917119143104,46641.981800952824,92945.4770216956
203,Podcast,0.384393272115236,48190.237746184604,61279.30489541705
204,Paid Search,0.1085323599497215,43141.55612590318,874382.7155919763
204,Connected TV,0.6626585896863465,45870.71340869824,471259.0737546914
204,Paid Social,0.4101798273974427,194710.77738203073,497703.579301852
204,Display,0.573359072332649,131685.78314325763,649409.6008009358
204,Affiliate,0.5122750146090256,63990.89481412519,374976.34014884423
204,Email / CRM,0.0577317261315537,15359.067765856227,21315.16784444098
204,Direct Mail,0.3943579926788862,36176.47035897717,38667.044593220606
204,Podcast,0.1657869027148233,85071.97899527645,192038.61666703917
205,Paid Search,0.009194813130987,57121.85676074024,598844.5774595855
205,Connected TV,0.5311396785295225,111590.01438008437,728524.1258319775
205,Paid Social,0.4166459045900478,43042.07429392273,229511.5689418019
205,Display,0.4810317194395611,33591.84770768157,372538.1791391553
205,Affiliate,0.2610488624908886,23693.69886613266,376221.3248707449
205,Email / CRM,0.661415610561014,13686.481497663775,246527.6851603859
205,Direct Mail,0.3393872208140493,97490.64460416647,299137.5690937089
205,Podcast,0.3752635857324891,16837.501148777446,84221.02739884982
206,Paid Search,0.0799741783332699,49154.79534632442,704381.1475840155
206,Connected TV,0.5746550273680748,138005.04417964097,1046793.8661724104
206,Paid Social,0.7364331727401372,222611.62378942667,870244.6222690602
206,Display,0.6339832478093771,98792.9632118594,367167.38565512566
206,Affiliate,0.2896528509205933,18126.70441880731,303560.3028073861
206,Email / CRM,0.5265394451124825,30705.925994144316,165638.86472791902
206,Direct Mail,0.4060120009729137,45730.32999403944,120180.3239381118
206,Podcast,0.688340123382663,97692.10138223656,388117.6742700877
207,Paid Search,0.1364799316792287,31933.798111039392,851337.0746052035
207,Connected TV,0.4432373523085732,70750.11715836181,299883.13461566373
207,Paid Social,0.3658399732472445,45193.50614870501,257814.31218244357
207,Display,0.4468561062770498,70461.63120627987,259205.13880592887
207,Affiliate,0.3099433285094158,25562.623270648903,237433.4762442021
207,Email / CRM,0.6006037470075521,12181.686366824244,104846.0287583169
207,Direct Mail,0.4792180029702391,104109.9498969742,375164.7402992163
207,Podcast,0.8739175406452385,26663.397182753277,83076.98190736896
208,Paid Search,0.0988291106823733,39843.499615327135,982952.5081844608
208,Connected TV,0.6490094716187557,64696.287077749585,529668.1326991692
208,Paid Social,0.4460351821984132,36348.28154577247,157709.75976766343
208,Display,0.552807200726981,41775.22865398452,341839.6901507961
208,Affiliate,0.1520111901100423,21500.669694996945,318126.04887960723
208,Email / CRM,0.7080799755565468,19741.31653356445,150348.96330167548
208,Direct Mail,0.4733065213799841,124128.70918884176,315609.13119861175
208,Podcast,0.5828851412923691,58553.02493864949,251772.26615689628
209,Paid Search,0.0187141900424991,51568.78544478025,635578.4752168207
209,Connected TV,0.5697200493099774,56538.6617798808,494349.31425279006
209,Paid Social,0.3165842398076613,49968.81982642172,110452.81664859898
209,Display,0.6433982034990023,53816.71421611388,276249.4889020122
209,Affiliate,0.2322089351326405,44765.86639641024,275527.78810141596
209,Email / CRM,0.3685639510119353,13696.327597146828,19970.777070320903
209,Direct Mail,0.686514765899894,393679.54744420416,1318581.642088569
209,Podcast,0.948583528591436,50834.466399541576,349624.58958682546
210,Paid Search,0.0807875435452885,31348.75446128588,1094813.8200020744
210,Connected TV,0.6482144237941029,54424.29831392296,400519.1362648997
210,Paid Social,0.1605733566206616,25870.753374359883,355259.49398905964
210,Display,0.4823968945237899,67303.72049070946,280501.9243290717
210,Affiliate,0.1284740223947016,29190.562261743555,372736.9263925781
210,Email / CRM,0.7260500603365174,34805.42373379301,271373.7368022968
210,Direct Mail,0.5219541674217664,135038.0893947779,525071.9120162776
210,Podcast,0.7836444797859311,56821.41272148123,105393.93465303874
211,Paid Search,0.0779007686268622,35690.66653529945,925273.9926355488
211,Connected TV,0.7083822029436355,99380.37527224276,1200579.305153371
211,Paid Social,0.4488056889099184,147342.3961090066,361346.18635464617
211,Display,0.5289148765923967,46227.05922813949,351866.15616782545
211,Affiliate,0.099718795475526,21659.279900475776,308643.6164612392
211,Email / CRM,0.4591047687191182,15441.302707434568,23996.564945731927
211,Direct Mail,0.4064851980576719,102373.13480273615,185873.42393423457
211,Podcast,0.1814252063621609,29788.933455122664,103030.1405161614
212,Paid Search,0.0503845400438948,31148.83971101044,1240402.7264748733
212,Connected TV,0.5134278953537291,49735.03721810699,370883.77774208086
212,Paid Social,0.6026290366111633,32335.056910435414,665478.256264197
212,Display,0.5846389476215874,28684.129361196497,27432.735997066684
212,Affiliate,0.4687453850417887,33362.13455433944,306512.20992396685
212,Email / CRM,0.4568187821216125,9853.934133856888,24662.95844838943
212,Direct Mail,0.1285239813256324,50697.684765732905,117000.16668963508
212,Podcast,0.464079930133044,42287.71112061919,45983.49049439799
213,Paid Search,0.0531684236598249,48437.27784264699,752011.3007169263
213,Connected TV,0.5642040005987166,46376.99558356309,384490.95206225873
213,Paid Social,0.6476413782852248,74108.33826714379,332452.94516004535
213,Display,0.5480616191074186,99238.07446970593,755400.579264941
213,Affiliate,0.0552170023512408,80487.82908343965,296045.139923514
213,Email / CRM,0.7969527166337275,10330.46054227945,140406.03179987648
213,Direct Mail,0.1909557927090635,44394.46749885682,116678.4370359109
213,Podcast,0.4883760938246393,71677.79687498977,257796.04244636372
214,Paid Search,0.088373304272358,51044.53937217054,645684.6374604827
214,Connected TV,0.594192640799206,65261.22475545167,547164.3574592075
214,Paid Social,0.6316260241125609,51987.86619507192,341598.020600931
214,Display,0.6330830734230753,66285.69004007815,289792.25041326653
214,Affiliate,0.1305931955292557,64076.98258341895,368949.83848579065
214,Email / CRM,0.8562572769134169,17158.548023262996,209100.2085179224
214,Direct Mail,0.6144865531572555,166724.63669944485,330257.74770048447
214,Podcast,0.5629885536165964,21791.564613118408,48872.04101469744
215,Paid Search,0.183087884384355,53645.95846634296,428172.64951798023
215,Connected TV,0.6278115762153869,106271.85362360532,855019.1668843677
215,Paid Social,0.5600446626676244,52957.45656216839,103500.86578152172
215,Display,0.4552350531264645,48728.88558709656,180187.07503162077
215,Affiliate,0.1157824685359654,29857.632598703254,243586.33848000993
215,Email / CRM,0.4815144165948801,5446.411337660076,188132.19824710191
215,Direct Mail,0.7433342586066503,234856.2895467877,1441506.9973288376
215,Podcast,0.8951472054906512,9427.624120215874,55074.42555781389
216,Paid Search,0.1024524090064593,58837.44906267696,672713.1339156844
216,Connected TV,0.6497529428781631,41272.9756646106,361858.0820252379
216,Paid Social,0.2673404400116379,143613.17657025825,265909.98406171595
216,Display,0.4233931287989954,42681.0750254938,369319.81084827
216,Affiliate,0.0353675797658208,31394.321382329206,291145.2723423517
216,Email / CRM,0.4767614103457598,15662.475798971203,261716.57433554047
216,Direct Mail,0.2649721481045219,26861.712652428138,95920.72051421106
216,Podcast,0.5893821836527258,26972.720390068753,36424.0643306993
217,Paid Search,0.1296771367411843,55801.961360482215,531526.0986862394
217,Connected TV,0.7157631664902357,21052.186641546537,357090.4664347587
217,Paid Social,0.4930197997117062,68420.04616080532,10430.71239023583
217,Display,0.4712817797909435,296641.13523191964,1543404.749428414
217,Affiliate,0.201692406667953,15292.825680726088,286814.136739729
217,Email / CRM,0.410491253078371,10738.695688051206,184619.04146371267
217,Direct Mail,0.4891599063283182,28858.42706942805,110526.77981431955
217,Podcast,0.6347141985054686,12817.760125587922,59935.17881252166
218,Paid Search,0.128005993221001,65912.10497973622,540238.1351042857
218,Connected TV,0.6405503112087311,70727.40221464793,780763.5417381251
218,Paid Social,0.6093529400456399,56745.11413131174,385004.2031709689
218,Display,0.2775072513290245,83021.01676756017,250324.6892251318
218,Affiliate,0.1913790344205696,23335.019148354753,409268.4429512778
218,Email / CRM,0.249753409983902,14677.543736597358,148858.88871729298
218,Direct Mail,0.5341518569587479,81079.59547639883,84500.17091567114
218,Podcast,0.564047873012741,49566.93652217293,305963.8690245239
219,Paid Search,0.0960085685648913,51983.17404643645,647453.4864407483
219,Connected TV,0.5464503369614898,70767.56080165417,804064.3729264388
219,Paid Social,0.6558671275981292,64328.55885166647,608437.3367058745
219,Display,0.724054370429694,15538.893046712072,439169.7230508652
219,Affiliate,0.1891022783133815,50376.94382904718,339727.6733810845
219,Email / CRM,0.3562596059368941,23574.04674291187,68967.16949859346
219,Direct Mail,0.1976572749106511,193614.1412218345,101822.83918278132
219,Podcast,0.4655568972136003,48839.23235990874,44805.366926619325
220,Paid Search,0.0667621894551396,50092.95263715176,576412.0918902947
220,Connected TV,0.6096577684423171,107586.81606524537,902272.606702096
220,Paid Social,0.5634937147949675,44674.50424567801,377045.82138427976
220,Display,0.406463292482361,109964.36369322478,275533.0743863178
220,Affiliate,0.4227856294554052,27716.653819458606,232392.5957666482
220,Email / CRM,0.4260543951521358,11850.953659043194,336353.4940289321
220,Direct Mail,0.2250729248760148,32332.473447296732,130840.42877120874
220,Podcast,0.6609988040507014,17441.416785870537,72559.4944932818
221,Paid Search,0.1288759407099098,49662.34290372159,512575.2087146686
221,Connected TV,0.6152108832703396,51445.99900077081,373489.7722886346
221,Paid Social,0.493229070685216,45208.39412450772,491255.35157614574
221,Display,0.4675197534317009,63535.96671005401,410724.35699601664
221,Affiliate,0.1069607411900128,54211.990669284336,89235.36639559793
221,Email / CRM,0.463045600212586,13968.798438641188,128638.26025418832
221,Direct Mail,0.3091991423311299,78418.06968683052,157098.97139824455
221,Podcast,0.5564426087664777,41989.25042410815,139762.270573284
222,Paid Search,0.1367980120259806,47773.005254311574,634839.007094014
222,Connected TV,0.3464639117507626,119294.95625873632,532145.3366101224
222,Paid Social,0.501581504945199,42613.775912594414,351444.3248331185
222,Display,0.6751164492670807,53982.83960570024,432983.9820127328
222,Affiliate,0.2761974882606496,66389.74899647005,99197.91675624312
222,Email / CRM,0.7001083222861683,23331.29939398981,204568.8370596296
222,Direct Mail,0.2727330164233622,23061.450475048245,73855.92494575845
222,Podcast,0.8140208278819612,27213.853709147385,295908.92908797145
223,Paid Search,0.0723918004727213,43986.01730783299,846313.6200051366
223,Connected TV,0.4839617017146101,107306.18468886576,851431.5738202658
223,Paid Social,0.4910939665513028,139957.7550880252,389837.83762549545
223,Display,0.4022560233217411,55224.65071562323,378382.16357789526
223,Affiliate,0.2206642211426984,26617.31930392362,224369.58282558303
223,Email / CRM,0.3030347638732211,10394.662495338933,96157.18708970996
223,Direct Mail,0.5487022302768146,213056.2555888501,799369.7263699283
223,Podcast,0.3773332030640795,45519.57910648856,935.880400058292
224,Paid Search,0.0957014032916456,36865.58605001753,922001.9560646804
224,Connected TV,0.6885697050095863,66044.387426029,496108.6270123787
224,Paid Social,0.5324075066362778,112907.34166335568,367935.07716056774
224,Display,0.0742524358726966,44666.97126429731,192168.2540260531
224,Affiliate,0.125231874766088,40669.6857306325,357504.0741237145
224,Email / CRM,0.5454427272943116,11867.09607527846,102354.6922959581
224,Direct Mail,0.3251338791386894,183975.61846328995,258501.54734484633
224,Podcast,0.682906663147867,41524.98894832872,25292.662286208757
225,Paid Search,0.134385491564335,50148.32759843257,762836.8877286563
225,Connected TV,0.6393446629804664,50964.665982367966,593425.3865916854
225,Paid Social,0.2967035224494491,333742.4637302068,674085.3132151581
225,Display,0.5942950542412835,89602.48195311867,397224.1747736155
225,Affiliate,0.1179374082648494,30285.398307359912,159754.50532827023
225,Email / CRM,0.3733681174670055,6286.141434960689,210495.81296524152
225,Direct Mail,0.4629185306674581,58056.61465688026,67814.95373018319
225,Podcast,0.339266254117252,22905.62147306798,61975.43814728617
226,Paid Search,0.0756037881427737,33493.466373502015,1071308.2374216411
226,Connected TV,0.6436090582873057,65706.33173652191,617681.734546031
226,Paid Social,0.5046961164170387,193376.25090285903,734836.5294984838
226,Display,0.7198431615762635,66458.55674571134,150686.4375248561
226,Affiliate,0.2526451203059867,146618.31633991265,589297.7546374991
226,Email / CRM,0.7453135064639717,14531.805550662635,24838.75153833681
226,Direct Mail,0.6977992469898349,83559.43898277389,277935.1932247876
226,Podcast,0.7626728598656883,26182.044960649266,245845.08441707664
227,Paid Search,0.1232037925409482,42676.54525287173,649816.8584697112
227,Connected TV,0.7024482509259576,74721.77928641452,740987.9811022751
227,Paid Social,0.3236275527261274,104033.6331233535,461023.76207270456
227,Display,0.5927082544033835,28306.92275027649,219770.6872919289
227,Affiliate,0.2827596943915292,53317.749341940085,382535.58243374387
227,Email / CRM,0.6973269167358944,18554.27170038714,59570.00888486834
227,Direct Mail,0.2481290767822649,47662.873314064294,87411.64588853087
227,Podcast,0.7177080567671859,54437.469948607504,378916.60139292286
228,Paid Search,0.0293051606376444,42042.02413404916,516226.2764131021
228,Connected TV,0.4904876168264595,49554.65795151762,375285.3639697245
228,Paid Social,0.4549088557924489,321115.276045417,485819.3641856374
228,Display,0.4613985452152542,33138.49108216531,411732.0449018517
228,Affiliate,0.1151824736286704,56669.83157143767,189455.14899770496
228,Email / CRM,0.5035353752053034,9985.012739877497,59106.18960731317
228,Direct Mail,0.7550695202544013,71541.33714245226,484753.8830059089
228,Podcast,0.5185930386825728,14160.28778738594,56922.419470733716
229,Paid Search,0.2319842500770672,57937.41131609054,718372.9080860227
229,Connected TV,0.6736441266273682,34236.48211069206,375673.75747239526
229,Paid Social,0.293250684980042,101347.94771348075,338142.80234595056
229,Display,0.6071670824437255,51029.57388492707,284976.40137264034
229,Affiliate,0.157086620052388,112488.2504538232,419561.285112689
229,Email / CRM,0.524252894112566,16833.471272246265,57006.34487117067
229,Direct Mail,0.3449574593848543,84143.92285913117,146971.1275909672
229,Podcast,0.7919572700680139,32840.24024448772,277761.1749246409
230,Paid Search,0.1209314852201489,49418.993309756406,780468.1323943762
230,Connected TV,0.6670314464283422,72384.03627727792,677127.090697191
230,Paid Social,0.685066065560674,44810.5723670724,210477.91930015097
230,Display,0.5379155392332977,35830.659759046976,343987.34093822865
230,Affiliate,0.3688539581087438,116711.47087452392,541323.0380064212
230,Email / CRM,0.9071769990443158,19247.72710390812,76241.88423458017
230,Direct Mail,0.4204562095000369,101178.55652512945,76688.636892579
230,Podcast,0.3115851387889196,76746.33623834,359435.4594894366
231,Paid Search,0.1330747853630206,44373.586525103456,984778.3478618152
231,Connected TV,0.533350276231427,70063.40674874526,459886.6361320601
231,Paid Social,0.6373895225325105,41351.63007950253,369867.244454667
231,Display,0.4292556781785422,61484.45611861174,226182.34667242083
231,Affiliate,0.0373151711708661,28907.61863413964,185777.33519198117
231,Email / CRM,0.2171395472604171,12437.65220496084,57863.50357525073
231,Direct Mail,0.6127083279101562,82979.93552821393,77381.03827097623
231,Podcast,0.4183204881629586,144700.1247237782,504855.1655329446
232,Paid Search,0.0793725884504126,39880.28856988304,888248.9352604807
232,Connected TV,0.6607137847035464,65767.62706387778,607062.7992202966
232,Paid Social,0.5474898421257156,48421.483986732994,265570.70309627854
232,Display,0.3399181758796862,165637.8024450774,742270.3425536605
232,Affiliate,0.1100619186807341,17186.928877067123,380753.92896743846
232,Email / CRM,0.3323232652043317,9694.71356652555,220112.84835132735
232,Direct Mail,0.7783350092340819,67333.09386709137,364242.1230240119
232,Podcast,0.4960912311728235,69623.70689870373,271149.27029145026
233,Paid Search,0.0534955798538582,47109.89764495643,660673.1067134273
233,Connected TV,0.5413702243201537,112496.86038898068,677926.8173281361
233,Paid Social,0.5301111349364841,48290.99994034634,203813.6245235188
233,Display,0.5907008137656747,49232.34570402057,326477.0818171993
233,Affiliate,0.1187992049823321,47775.30576132492,423248.2657780465
233,Email / CRM,0.2176182185508373,26678.06161318847,50020.85042637624
233,Direct Mail,0.3784606250667735,55173.84151331629,191047.90513159084
233,Podcast,0.2967791147536847,20667.083122750435,51566.960186642624
234,Paid Search,0.1478917902626754,51022.97436007517,667149.6620377332
234,Connected TV,0.5881293300106486,76777.26051379436,627635.266631597
234,Paid Social,0.3727068972509392,36433.85434590043,415468.7980608783
234,Display,0.5885621551257523,70924.68963143804,363403.7045755785
234,Affiliate,0.0630767668330879,24175.434048298437,318718.08870096557
234,Email / CRM,0.4430961876432481,10321.469001529444,121779.41416669523
234,Direct Mail,0.0719738021031138,63696.33909531244,142311.3443652193
234,Podcast,0.4731987162356907,34965.358152715424,129385.53224473936
235,Paid Search,0.0254870521727868,36698.99724248601,806855.9007640146
235,Connected TV,0.5331153157266296,46474.84882880162,365012.0592850301
235,Paid Social,0.3918263739001887,101415.19537229191,82273.27802617302
235,Display,0.4436801236999693,107010.39171535986,148079.47767616998
235,Affiliate,0.1034590074195455,29319.172923503236,230188.66414786343
235,Email / CRM,0.4137150982944458,11018.793103993785,138945.02091943318
235,Direct Mail,0.373335318472366,63380.4724317326,139746.29928089614
235,Podcast,0.7206196049607014,31688.63124981887,352140.72258187056
236,Paid Search,0.1113191914670788,43599.99947204556,704242.5455807782
236,Connected TV,0.3307484349962721,63343.95348803963,380023.53158882953
236,Paid Social,0.6792861206175674,36458.71543441684,350158.4090014904
236,Display,0.685419336110955,78653.16938404371,424280.63345047814
236,Affiliate,0.0929349386798236,53270.30092544618,354346.7619859473
236,Email / CRM,0.19216385530502,13053.977661953048,35482.757758245556
236,Direct Mail,0.5427855987041612,172385.61171202798,467695.36725672625
236,Podcast,0.1440586516100055,55543.1778431507,79894.5506504888
237,Paid Search,0.1847564413469866,53916.72320451112,574061.8450254481
237,Connected TV,0.4917035226228891,78544.29100794344,528665.9307608304
237,Paid Social,0.8302836990125088,196633.52587067083,742918.791238298
237,Display,0.501611289034876,157387.68845364373,345185.4670089853
237,Affiliate,0.0953257564328126,172769.15359254606,928262.1647680268
237,Email / CRM,0.5785981481353105,16309.860264658511,36280.57766774712
237,Direct Mail,0.5638380708316051,85032.32423744703,192130.5070054016
237,Podcast,0.508424345571402,29065.284500888436,80214.05442986097
238,Paid Search,0.1343779890682176,42070.08864440544,688542.5269985094
238,Connected TV,0.7852334665041047,24742.86025751611,506475.1916756802
238,Paid Social,0.4745521904291896,190314.67723402253,610471.05984512
238,Display,0.6087019065615903,161998.3214893109,133126.68633178863
238,Affiliate,0.1282356838857022,24441.644177675593,372674.49822152016
238,Email / CRM,0.7060127835192347,15339.0373191959,34615.05278757178
238,Direct Mail,0.2909612774682817,122578.59506604078,214911.13003999356
238,Podcast,0.558385147241849,39601.15182960785,77945.90065369032
239,Paid Search,0.2261994291800783,49936.847616986466,603997.952523688
239,Connected TV,0.332735075580538,70705.02697194557,408997.1550231713
239,Paid Social,0.6278328943835827,61762.69967075191,265763.4919698988
239,Display,0.4756248297622471,33731.710443619966,257212.6188970246
239,Affiliate,0.1247073975039004,15984.33063626116,350754.8426111933
239,Email / CRM,0.2639855889610683,20502.36447906858,33145.38760713676
239,Direct Mail,0.639463063652266,67078.63504565474,29723.150746849904
239,Podcast,0.4623747090418794,8418.162123881497,19627.56113268322
240,Paid Search,0.1347983823245248,52407.51794623491,676181.839358187
240,Connected TV,0.6390888954157767,53774.90335734823,558034.329795251
240,Paid Social,0.7183248902118838,307974.6806085457,1336974.3832432737
240,Display,0.5525367848887446,55584.85361602176,103806.33529140025
240,Affiliate,0.1151702873481999,64839.715388069715,410426.6285450369
240,Email / CRM,0.3820753556930411,7794.561498818349,200711.35327892352
240,Direct Mail,0.1788485010643777,32067.340771415475,141264.65353903535
240,Podcast,0.8741930637585981,35372.370195422336,186323.05453983071
241,Paid Search,0.1013925568992617,49657.36135848806,627963.4477301546
241,Connected TV,0.6877402772776277,51426.79078970576,482560.8011755525
241,Paid Social,0.5011890457057213,57053.40782816834,86268.49973905567
241,Display,0.7579720874515022,66731.82195800697,388319.07816232904
241,Affiliate,0.0119560103796239,39621.82002422025,374445.1859697327
241,Email / CRM,0.3127850940381981,12737.950217319907,22718.542399230595
241,Direct Mail,0.3686127060531042,288236.2709349702,525393.4255819183
241,Podcast,0.7444380458059858,30316.691153973337,160260.0532362767
242,Paid Search,0.0902646798672694,56578.16373885516,498907.4008238489
242,Connected TV,0.6579379446446932,67697.72841945312,613878.1965170987
242,Paid Social,0.3749670411237085,200083.5238896596,391642.5515830899
242,Display,0.7050600244425426,48475.17492729191,82201.70022250214
242,Affiliate,0.230091512118974,41574.53261989073,337786.81212128024
242,Email / CRM,0.6265273796044686,7018.357128678966,84303.54376269996
242,Direct Mail,0.8493404778522494,252381.5480807007,302177.0801665733
242,Podcast,0.6012009585952339,22012.352662948433,106274.62004052426
243,Paid Search,0.0109373725030111,38486.153491379926,741847.6579412355
243,Connected TV,0.5635826190256065,37220.34293515117,300161.1702741494
243,Paid Social,0.7381440539199072,62977.64968544113,279051.4456365698
243,Display,0.5699517111354092,73913.11514266607,329318.43193093414
243,Affiliate,0.9066037336351938,41187.26721957191,228726.45876209927
243,Email / CRM,0.594473636798476,64610.11005766411,241324.25947524133
243,Direct Mail,0.5345745824875568,40987.52634393575,104665.6042129402
243,Podcast,0.3709898023294268,96257.59489432696,385504.8796207598
244,Paid Search,0.1491515688357846,56180.85585258976,598019.786970327
244,Connected TV,0.3912707476696569,85946.70857300397,409028.53123411
244,Paid Social,0.6872841820176758,108498.02640936452,768593.0762695989
244,Display,0.6622487427629039,86400.68526334914,337694.99878386187
244,Affiliate,0.083144213903811,35584.962798148,184645.35640970967
244,Email / CRM,0.3337404903416127,15083.116516954397,26176.26510223343
244,Direct Mail,0.7067211586783224,93299.50531002216,338771.07812766975
244,Podcast,0.4251569960514832,28811.794307696375,139846.04553143444
245,Paid Search,0.2106862370558718,46768.81142026049,731906.917586655
245,Connected TV,0.4180596008112707,113355.70358724226,483216.6609683913
245,Paid Social,0.5233206121324233,43311.55063240437,240457.52145611195
245,Display,0.4303739315120407,58465.827136855914,161805.2128161163
245,Affiliate,0.3707798738585459,16351.460371829098,319925.86046349705
245,Email / CRM,0.4392186420591008,4855.484947738479,53801.24753250994
245,Direct Mail,0.6192786992619715,29693.562522655982,245645.6125327441
245,Podcast,0.4568982043616431,14954.283006616575,27047.928070562128
246,Paid Search,0.053017882663275,48845.31436129696,489766.8591629885
246,Connected TV,0.6387346444111605,80734.62913640784,772801.2569772168
246,Paid Social,0.3532858648923606,61247.78021035545,67651.38991908284
246,Display,0.2945074418031575,86172.81398809337,227095.51082359836
246,Affiliate,0.512815380423731,17355.292980103288,647123.3936587545
246,Email / CRM,0.8907287875173641,9639.33821619593,18745.97591524499
246,Direct Mail,0.8104598825888314,158533.8230039052,553932.8009345277
246,Podcast,0.3086671865930625,17763.141494050124,114093.6217242342
247,Paid Search,0.1272322506419311,54570.06894785111,633242.047344241
247,Connected TV,0.5105623904068528,45188.089815671396,312036.1876326769
247,Paid Social,0.2815708485802548,147945.54711545975,333853.5668706676
247,Display,0.5541089701994769,112927.51526935976,421304.7302427817
247,Affiliate,0.353982505234777,44630.47451600336,380211.74169501575
247,Email / CRM,0.3976377379467139,16006.836568284269,94685.57821624742
247,Direct Mail,0.1745631034974204,181832.16628922385,142410.08577027364
247,Podcast,0.6887212134396498,16425.709913591945,73208.83527539598
248,Paid Search,0.046350967772809,33053.507579862555,1059028.777825137
248,Connected TV,0.5133675778168064,49613.130167696814,336055.434017379
248,Paid Social,0.2459146964129682,36897.77714070698,37897.09557563002
248,Display,0.6727008404844417,117258.97821065428,850701.1282944647
248,Affiliate,0.0390328177061717,97170.17528725992,418806.8768314281
248,Email / CRM,0.3687281041417271,11758.242571670611,111798.67409073096
248,Direct Mail,0.4907137706849476,218628.04696343557,561892.1344089132
248,Podcast,0.5954688895739093,103054.33215104276,459765.89887972455
249,Paid Search,0.0616613558661401,46280.300893088635,652706.6520388317
249,Connected TV,0.5616542108083346,97969.1584245836,800288.693639803
249,Paid Social,0.631222810360285,93439.52664006164,297185.8523774284
249,Display,0.523211009325967,39783.45204287961,410092.8185851888
249,Affiliate,0.6442795659735169,29300.24469642202,310307.5059863287
249,Email / CRM,0.6300080737423897,10604.388230310042,45043.705947655435
249,Direct Mail,0.6664962501017833,37979.5267701557,132352.17685431457
249,Podcast,0.5144857371495436,27233.618915448867,149815.59467400305
250,Paid Search,0.02116226984848,48120.003516635945,680798.7623760521
250,Connected TV,0.6734151008928486,79014.21041175969,603773.767927467
250,Paid Social,0.4315607077449169,103135.47743269875,207416.51446245587
250,Display,0.3514763592932164,65061.23585806426,319880.0579447368
250,Affiliate,0.0489053532029343,46648.12737584491,176649.91568240474
250,Email / CRM,0.7246440756185106,22345.593457301853,100634.75336474576
250,Direct Mail,0.3330313820935575,25152.51944985648,81474.659404605
250,Podcast,0.3790191199014951,83840.16576476478,283491.25698013784
251,Paid Search,0.0592928789649209,38963.34280964104,841625.8069937287
251,Connected TV,0.6203324085289263,38300.56530657928,425806.1247638352
251,Paid Social,0.532480079306081,70792.55880714167,213906.44043087857
251,Display,0.6832277334518375,78584.83537927925,417741.6558824608
251,Affiliate,0.2137614486403238,20080.304797298624,406536.0601050353
251,Email / CRM,0.5558085781325078,31469.45974257151,329040.42854302813
251,Direct Mail,0.4955902344970542,56019.39849652726,188281.1456517214
251,Podcast,0.5195547721038639,20424.059347948376,44909.645500088955
252,Paid Search,0.0923805247799021,49756.48545077615,613106.7214970256
252,Connected TV,0.534788685733116,95554.1488022257,720842.2151959654
252,Paid Social,0.2763265862914997,117215.49827653298,201993.22021978773
252,Display,0.5061437143411168,192916.97520878303,747427.7920919108
252,Affiliate,0.1430268058564865,16786.832468570665,354981.0836638755
252,Email / CRM,0.4989129972977717,59688.01311819554,53707.3412889711
252,Direct Mail,0.8207166842945057,73954.20610416365,554814.4726711105
252,Podcast,0.6389263003619469,27721.891121631787,33975.6530726908
253,Paid Search,0.2778276865309761,44724.736290090535,970264.5812354494
253,Connected TV,0.8277173341593154,118434.91887148988,929951.488712924
253,Paid Social,0.5277084385708367,147211.73135621846,366242.7561361652
253,Display,0.5123785562006247,93905.50568802837,411238.6540996392
253,Affiliate,0.1922416373991793,37136.713033062144,353446.33780605986
253,Email / CRM,0.4416665420292626,16945.731104275117,205833.67644351948
253,Direct Mail,0.4198399398796235,94508.47398643193,84316.13163866352
253,Podcast,0.5362733772201842,36739.39774135371,248169.31152589596
254,Paid Search,0.1483225875999307,51921.53284632787,443293.5100908268
254,Connected TV,0.638632303548976,138393.7658790088,1267165.470541143
254,Paid Social,0.7629038668977669,66542.20325507727,182072.30633052133
254,Display,0.682854225788734,46884.09605603926,268263.4420489442
254,Affiliate,0.1032354457790542,43809.05411420077,239841.0265419796
254,Email / CRM,0.6069654351624801,9549.646176720173,69657.98736372916
254,Direct Mail,0.0937634624490623,72250.96263409124,70428.15039094814
254,Podcast,0.4147535616585081,73213.42665040072,123981.015692041
255,Paid Search,0.1562273289043544,49061.62727867307,794536.4639792509
255,Connected TV,0.6329339486430652,64253.67918917724,525366.3447259594
255,Paid Social,0.3256958873734603,44223.48793534382,408215.6568055771
255,Display,0.4164881049824834,22083.112332352033,206553.3230652546
255,Affiliate,0.2606268959144314,51642.939166124655,304463.96906625846
255,Email / CRM,0.4469860107650042,12722.587178846585,103789.83783870756
255,Direct Mail,0.3434822036958883,97002.06132453444,247123.39659041225
255,Podcast,0.6197905535872943,54328.0804919264,84649.15874664453
256,Paid Search,0.097887051796868,48864.3453992736,727909.1143799755
256,Connected TV,0.4717789641372714,128681.22964799935,807814.0707039179
256,Paid Social,0.7179321475225023,29062.08040980103,370734.2196227259
256,Display,0.2230065377276151,172153.9359749741,101463.30357659073
256,Affiliate,0.2222935166564596,18076.09954265497,339313.4489742862
256,Email / CRM,0.4735639061044914,15837.516212031134,217666.71651346263
256,Direct Mail,0.4058021488092648,251247.44508570863,407874.20459287905
256,Podcast,0.3237484695957205,36107.933648509854,93402.10123783878
257,Paid Search,0.0670236203946072,57661.54324286486,464827.3924700909
257,Connected TV,0.6237761365717314,61440.3225313856,472118.6865298298
257,Paid Social,0.4765616627825493,142606.63289783263,372588.1797757372
257,Display,0.4641005625506045,195690.60865777827,653019.9583037598
257,Affiliate,0.113564703994184,50528.47750760061,378785.4457316804
257,Email / CRM,0.857633253241459,71048.8265270918,84366.16358263696
257,Direct Mail,0.8626859239524277,80209.15911889619,434042.8765600185
257,Podcast,0.5173041410148473,63980.051174469074,196643.79490319084
258,Paid Search,0.1396808645477129,38852.37028069173,793237.6507926962
258,Connected TV,0.2761236338156937,65586.11347786602,408237.5366339591
258,Paid Social,0.673700256765516,154093.9797429251,315813.72415360576
258,Display,0.5651638513470482,33931.0660958471,115452.13655821084
258,Affiliate,0.0820038794590212,95000.3206275346,439531.27016783104
258,Email / CRM,0.5636892592325948,6045.539483167162,133826.41605331798
258,Direct Mail,0.4185034098837517,68101.2093241962,88771.4095013203
258,Podcast,0.4977644581457937,46697.80755840073,153971.0641925609
259,Paid Search,0.1049286795890899,60691.24329560465,594031.1194379359
259,Connected TV,0.3274063154429741,96660.3709676056,684289.2450127652
259,Paid Social,0.3967153329099279,309757.20249317295,763435.4873221831
259,Display,0.6292802055273018,130650.80350852574,638020.7729238671
259,Affiliate,0.4457438691758759,16229.575231025565,291167.56776007666
259,Email / CRM,0.1666635878633657,6665.333814777506,56997.32845299795
259,Direct Mail,0.7414318462753294,180706.23922699364,1114521.956015351
259,Podcast,0.6464394790307758,12776.765235685576,94664.83717738742
260,Paid Search,0.1962353871799615,58604.380988824254,527730.2140339229
260,Connected TV,0.5393809328596876,72427.0193975117,762815.2482325686
260,Paid Social,0.383660766169592,119734.4966823412,180152.70652291624
260,Display,0.4507108625499123,161558.18037709233,665836.7993023525
260,Affiliate,0.1127676977718177,70931.15111691738,197582.04216727495
260,Email / CRM,0.4734209478270126,11256.173210681787,105789.38068163124
260,Direct Mail,0.2586682482217013,38354.24872064534,120249.50327394284
260,Podcast,0.7636248910297645,20649.458792548397,133789.13400518874
261,Paid Search,0.1218470233987104,37413.112571175145,1088572.3898729784
261,Connected TV,0.536574716057772,134744.3680160428,925083.4604594838
261,Paid Social,0.3210577399455337,20581.815745235777,1084936.0380603657
261,Display,0.5063861592006289,94152.67809347014,556433.8548604539
261,Affiliate,0.2600817703337175,52024.64820404707,213208.0581001168
261,Email / CRM,0.4560354711122266,12940.786910775842,150831.13063680427
261,Direct Mail,0.6230890599947172,174085.54646652535,848735.5487674399
261,Podcast,0.4498415009019837,24986.561542607775,104751.92424055935
262,Paid Search,0.1321852249489352,40099.90767612169,1132754.272475756
262,Connected TV,0.4096861249688265,78592.0070373811,305806.20091364137
262,Paid Social,0.5746451302618987,451120.1483142527,794635.2845223285
262,Display,0.5714180919496039,50090.70717184982,516756.6631748291
262,Affiliate,0.2078899317085824,33382.03300453942,414527.5292583255
262,Email / CRM,0.3558480377755517,43588.25233636405,88516.76726680416
262,Direct Mail,0.1006257891053305,35035.98605442422,81560.97179593203
262,Podcast,0.8147032201019643,15710.74603686974,110371.62491251148
263,Paid Search,0.0679850621002979,51388.37434842875,594491.0945317494
263,Connected TV,0.4412850031673446,85191.83580193794,496469.09631624294
263,Paid Social,0.4175337607473576,48284.51041884373,94336.94134279455
263,Display,0.6128051753923538,96054.6514486636,280394.11197644117
263,Affiliate,0.0731752962196867,66326.96911747495,359617.76128845033
263,Email / CRM,0.4183383674026484,9991.415577928045,239580.32825965196
263,Direct Mail,0.3507351412731092,393968.13794125983,139169.89869983
263,Podcast,0.0416215102928631,8887.648122896344,51170.04709063352
264,Paid Search,0.0467907077239996,44721.22005667317,678999.7624474514
264,Connected TV,0.3676831330043191,97800.5332071125,581736.1780390721
264,Paid Social,0.622827599757024,98635.05132785776,319493.9391075701
264,Display,0.2844259706255886,48677.37441160448,253180.6273780338
264,Affiliate,0.2068295939422788,59122.7748766944,305583.15794791066
264,Email / CRM,0.3739913317563884,31468.036341994335,199140.5139446106
264,Direct Mail,0.7403138659994547,262791.6283324439,763508.5594750422
264,Podcast,0.3963829240136711,44473.42467189805,200262.9152928044
265,Paid Search,0.0970247920979126,40662.439698033835,879655.106317948
265,Connected TV,0.5702524530665525,106335.5543109893,862294.3788157685
265,Paid Social,0.4634376553047993,306797.4733020562,992501.691912674
265,Display,0.5710716284433005,146118.31070367762,283435.8414075691
265,Affiliate,0.1677272074671047,96819.5589599311,774438.7872547793
265,Email / CRM,0.7004506920656961,13215.261181451582,336031.19978911814
265,Direct Mail,0.5305291317439551,93839.72735491444,348159.2875322616
265,Podcast,0.3615938925117675,59737.32870128368,179239.0277568062
266,Paid Search,0.1542615936092181,62784.06295770294,557310.8849624936
266,Connected TV,0.3206735490243655,74294.82314887947,348714.1636926431
266,Paid Social,0.3682276878655363,46062.14463613056,304828.0080727692
266,Display,0.7375001472614546,131297.92624729197,832417.4172987244
266,Affiliate,0.7784438770307535,36127.49548651479,39135.229754552376
266,Email / CRM,0.3823805172874459,11253.318554201149,86557.22906797078
266,Direct Mail,0.5138673661363321,136429.19170510615,273337.79949045123
266,Podcast,0.6484331135702729,14093.990370329078,44686.050305137425
267,Paid Search,0.0174603274573555,47266.30558551541,583932.0835800834
267,Connected TV,0.403612436631855,272064.4269585583,1295800.2850228604
267,Paid Social,0.4962948719558424,206633.37507921175,690807.0262226907
267,Display,0.591602231474788,42309.11043571664,439358.9475617595
267,Affiliate,0.2808308456261746,109463.384848708,574844.8437581157
267,Email / CRM,0.0988814978278423,10542.282146845182,20319.462484322343
267,Direct Mail,0.4648479733615665,51913.4940142165,218469.7318798896
267,Podcast,0.6598294109271358,28680.339698904576,47893.81809497702
268,Paid Search,0.1464525908965049,52570.59034536392,660689.5056014654
268,Connected TV,0.5368345237816373,162753.6367819094,897529.4594912223
268,Paid Social,0.5539940858889052,36919.00390090959,324848.47973103664
268,Display,0.8053249383924332,215477.07108680587,1244480.8700059473
268,Affiliate,0.2128564868364473,21280.05683123034,507005.3871329427
268,Email / CRM,0.3287074064558111,15140.549413068427,109109.07507200932
268,Direct Mail,0.2164573356747232,57434.37048608563,59705.823333094944
268,Podcast,0.0917714502454467,12147.326082935851,65447.11594788611
269,Paid Search,0.1456884779957875,48336.46407403128,637962.1625766304
269,Connected TV,0.4038704997871757,143459.25164907295,805356.3327374589
269,Paid Social,0.4177613529341692,50472.22717795414,230634.6655056123
269,Display,0.669544252410107,88736.83777764169,324702.04138483317
269,Affiliate,0.187194449661679,77604.86223257158,548743.5282946802
269,Email / CRM,0.6951489555117588,16307.517714624182,165531.1924379777
269,Direct Mail,0.6494829750921322,40612.391846588675,257046.03418932043
269,Podcast,0.2495730688732589,34239.19712467911,72154.60665634846
270,Paid Search,0.0550421704966464,42024.58812660863,894926.1361466147
270,Connected TV,0.6555882108184441,55005.300192211624,513984.915169302
270,Paid Social,0.3843263777292914,144487.9636502165,358291.35944426263
270,Display,0.5673957183884653,80025.26518174954,184410.64419019912
270,Affiliate,0.2670486417415929,27987.219056318983,345968.97679368476
270,Email / CRM,0.7123887998636698,5319.53088643006,86780.86724515034
270,Direct Mail,0.4102867147796097,85527.39504855762,339322.8425929883
270,Podcast,0.7479417117333088,28568.31492262311,210276.2552492089
271,Paid Search,0.0983273026443063,41173.68537442202,926218.6983774616
271,Connected TV,0.7258207259284742,113891.61952174058,1002936.44055879
271,Paid Social,0.2630507002306131,24042.20841156867,757068.4647148233
271,Display,0.4364889426568168,60450.22767981288,93493.48164990304
271,Affiliate,0.2071995320123965,44535.19271410027,336927.2078312372
271,Email / CRM,0.4493919701669848,9883.566698130951,102411.59038494671
271,Direct Mail,0.5251733636036613,54392.00627069644,180747.7653935635
271,Podcast,0.8781186867256912,28074.00974809035,279469.3702817386
272,Paid Search,0.2166567941434533,43684.87589157708,939937.1052606724
272,Connected TV,0.6285437933715706,61521.964018628234,412936.08032123506
272,Paid Social,0.6340306735624504,147128.84702526807,319952.4720190324
272,Display,0.4885895190627118,44978.99989329659,332061.9905522066
272,Affiliate,0.432043976467442,17824.878929019615,125836.7511163056
272,Email / CRM,0.8454711737347446,32740.93500596606,146308.94428334554
272,Direct Mail,0.7623574069096922,137255.81920164006,920552.9120500193
272,Podcast,0.5405119682647399,30209.678922955816,218469.3498218514
273,Paid Search,0.0597155318045073,51202.8826469033,544048.0691990242
273,Connected TV,0.6040534300709437,64778.48432414344,513264.9742141778
273,Paid Social,0.4955569096605824,71540.8892616698,135995.11553441072
273,Display,0.5009721284766302,69638.09530106836,341896.3649167781
273,Affiliate,0.5210437390937146,21670.44731029643,343042.92854691186
273,Email / CRM,0.1158116279775484,58027.37193787104,102741.13614636676
273,Direct Mail,0.1791076701526542,40355.09452486407,101344.6413640891
273,Podcast,0.6840178671321281,22728.205958667877,169086.8914948927
274,Paid Search,0.0376315018280128,58118.97062374679,521437.645249416
274,Connected TV,0.5730437998950081,79849.65281349092,590007.3643281137
274,Paid Social,0.5738254675851117,226686.55712936164,328774.16500646214
274,Display,0.4026253460408305,150980.7213171099,529058.9362299839
274,Affiliate,0.7082206227472696,37403.12323303984,73998.08592987312
274,Email / CRM,0.4961467115283155,16626.507676303034,18079.20703676943
274,Direct Mail,0.2934708331852461,38032.77379587113,132094.5343860764
274,Podcast,0.8991807756893707,14430.98008669329,182191.03388769843
275,Paid Search,0.1022736971165151,37008.5525972799,715791.7702744727
275,Connected TV,0.5928015514277025,73426.7893434172,451417.6088733983
275,Paid Social,0.2456886186240684,83314.32602937415,209721.73263802828
275,Display,0.3795394702431829,53187.58532869584,301858.73876748123
275,Affiliate,0.1006139449394447,26185.120399811767,351912.9707644235
275,Email / CRM,0.7486934617961588,13527.974324505572,402347.5574048586
275,Direct Mail,0.3797717252464906,64749.41214250177,140510.4557719318
275,Podcast,0.1853101575653708,17853.017345546134,32081.225543606255
276,Paid Search,0.1561430716816801,38107.534525610376,884365.7738810239
276,Connected TV,0.5003707849269746,58309.29607202981,525733.2040502289
276,Paid Social,0.8468044121267023,47184.63446886744,326113.7409077771
276,Display,0.4483213471177941,136294.71835795266,490109.36447970313
276,Affiliate,0.3558386106904739,14287.222567479032,328785.6693726773
276,Email / CRM,0.4152902734599195,33499.271781527685,246915.69651669796
276,Direct Mail,0.4787426703378316,53165.11593943786,181586.6890192688
276,Podcast,0.638975966168328,27293.642651552513,41104.533072483115
277,Paid Search,0.0566119436466954,35281.07385202721,939856.8405496588
277,Connected TV,0.6513085266508998,128725.51624507231,1387669.6030712752
277,Paid Social,0.1849588508127649,23977.16111710528,372574.60159727506
277,Display,0.3732257164299217,97296.94018388548,244442.2038494004
277,Affiliate,0.2014447150247942,20334.21460925541,449245.00991361006
277,Email / CRM,0.6657625547334926,19552.82317294841,250062.3486101636
277,Direct Mail,0.2466473977928671,74834.54921825764,123931.98288291597
277,Podcast,0.6093233609189315,74539.29183368206,197484.6528125205
278,Paid Search,0.2430178608934279,54659.94916422494,451150.56081808807
278,Connected TV,0.4641252279155711,103541.3384639496,609075.1820421157
278,Paid Social,0.7117766026556794,93640.636057198,294953.96739845525
278,Display,0.4727686754458206,174645.8487054636,407930.2957361581
278,Affiliate,0.3057220660935971,18612.545284898937,336844.27757662005
278,Email / CRM,0.3378736761054638,19457.96325943241,78541.34789289864
278,Direct Mail,0.8831727788932375,92181.867371265,377322.62000373285
278,Podcast,0.633671712452648,32427.92683550881,54936.497948529555
279,Paid Search,0.0894845567035747,55111.17095362497,467032.7706167899
279,Connected TV,0.6637065262231233,68282.37873080322,720107.3139805718
279,Paid Social,0.5890901611290633,371222.9607470095,961397.2336186494
279,Display,0.3454001536414968,31853.333466102427,248917.564986416
279,Affiliate,0.3287135355144968,40544.78203214943,298470.85388399503
279,Email / CRM,0.141874377988824,7850.659782999338,89985.01851791199
279,Direct Mail,0.5403763747926547,198682.05709150783,579838.5255735257
279,Podcast,0.4495208222597187,20919.52312258064,80049.6559614063
280,Paid Search,0.1070361154147585,40670.46087747446,675897.7406574364
280,Connected TV,0.6308459935164211,52053.62028927372,443399.09213151794
280,Paid Social,0.4939607282743415,151003.99927842416,48618.156583466814
280,Display,0.3629283104644084,32226.32570340076,299648.2082640782
280,Affiliate,0.4957126946982458,27982.93676442604,434001.8494141613
280,Email / CRM,0.5377194519582873,25693.069480026916,40313.47271054252
280,Direct Mail,0.7405331419589503,126258.18636045992,430566.5211145082
280,Podcast,0.9299974156204774,13134.297080307875,83438.19379613885
281,Paid Search,0.107281221300107,64296.89419462821,525626.4071576407
281,Connected TV,0.6767599342603506,49827.876266429485,436054.8707750345
281,Paid Social,0.291477733687561,66656.48181968882,216486.2042152093
281,Display,0.1931479006428207,55152.33090353205,182883.52132219635
281,Affiliate,0.3334917086788826,67364.8539423894,209631.58285842635
281,Email / CRM,0.2410540832394579,41615.23326594805,283257.19027611683
281,Direct Mail,0.7163233183076203,68781.86715539974,514291.3108404824
281,Podcast,0.1944435602778131,28545.19617661666,70101.0382946289
282,Paid Search,0.1847339671291667,54166.212132190754,658796.7609486673
282,Connected TV,0.591886256774806,71432.64023875905,686648.4311407546
282,Paid Social,0.4017635594661803,64478.76601215556,448448.3612184444
282,Display,0.7061518501629681,68680.12166285573,354028.2544555663
282,Affiliate,0.3515944753987688,19947.77493606129,174039.62229198273
282,Email / CRM,0.5195493740547342,9225.131571463791,77265.20443759933
282,Direct Mail,0.4767629327968533,158138.31941021406,89210.82922362372
282,Podcast,0.5717905617736747,50326.40269828122,281293.92032426177
283,Paid Search,0.1274752510714515,45458.793957177295,1035618.077967766
283,Connected TV,0.6223078264705535,66630.94377456205,491373.5869535291
283,Paid Social,0.330755972859923,109544.86096665656,193177.01863686403
283,Display,0.8290781171958969,108754.9625588442,598494.5024758377
283,Affiliate,0.2633292308141634,26397.59593997353,202854.65254480095
283,Email / CRM,0.4742822045902367,36614.312851984825,21670.78083927869
283,Direct Mail,0.369948415137298,110346.87572664788,337086.7568289097
283,Podcast,0.4826960053204696,21153.4998248556,125718.06585855452
284,Paid Search,0.1452070088377857,44378.77976353346,859869.5502529882
284,Connected TV,0.6861087791625676,73553.39973286199,653420.4399078779
284,Paid Social,0.444562295541421,116608.04064552972,150640.7153332422
284,Display,0.2344863058875642,27060.442347681535,293496.0023215239
284,Affiliate,0.019118398022338,60125.78311584413,238258.3286853993
284,Email / CRM,0.2145300051989399,35972.714357774006,204471.56221443665
284,Direct Mail,0.6376733656245396,85868.71999417526,362157.01115626853
284,Podcast,0.8000557353067468,17862.92297737867,268734.1821367688
285,Paid Search,0.1663344449995304,59458.15876586284,647738.6504236625
285,Connected TV,0.4383073916392536,37464.40077443112,275390.72306383145
285,Paid Social,0.3947815297536063,53149.754661274965,181842.1113129684
285,Display,0.432964033049769,45007.68266281427,261907.35330062255
285,Affiliate,0.3708585069370749,69675.52118184589,407823.40639740153
285,Email / CRM,0.5859323822682782,28266.820760210085,197157.75704620185
285,Direct Mail,0.251180996072557,68010.14124950163,97607.49209837844
285,Podcast,0.1427000282106281,9354.596184050848,9197.969503790258
286,Paid Search,0.0603339920756924,44864.202876838885,773567.618702224
286,Connected TV,0.4019034334816651,125586.22893187682,873363.4589135309
286,Paid Social,0.6109222634060941,258266.91156266647,463691.3502619142
286,Display,0.4377366388461634,27458.197213659012,291413.50195934245
286,Affiliate,0.0468769765768856,26787.637868070717,278271.49614419613
286,Email / CRM,0.4461703108497622,6400.002697669594,107418.67566168324
286,Direct Mail,0.4964405425777947,409962.55644838733,414422.813496256
286,Podcast,0.7562529105312126,25987.555743971483,164470.89162471326
287,Paid Search,0.0491380238828589,46920.93712926613,684798.7556589887
287,Connected TV,0.5897004271195428,53907.67756104048,363807.2845806046
287,Paid Social,0.573771811541241,94368.16769317044,200671.2696103475
287,Display,0.4373901868819867,48361.75648451893,303330.6956100933
287,Affiliate,0.6719135758476026,22541.763658361477,87731.42450062938
287,Email / CRM,0.5246391486504893,35299.8493118428,310687.80256228324
287,Direct Mail,0.3980516150393424,190930.978042571,173402.5488257455
287,Podcast,0.6530950818612317,44081.70287873776,209460.45980518928
288,Paid Search,0.0672259957051581,58576.52624886762,577051.4496854189
288,Connected TV,0.6015055807393794,52256.02711144503,508940.3021160957
288,Paid Social,0.3031399333493047,71596.63553208245,279334.5774494927
288,Display,0.5274738260604878,201731.80906378757,969363.6372264776
288,Affiliate,0.3210427867393532,71870.0682127702,334868.7551752939
288,Email / CRM,0.57996080093636,15762.927910866363,9842.226602081084
288,Direct Mail,0.5424678794546469,116159.29151989611,461080.4030091925
288,Podcast,0.4594716739659301,29556.889376016097,25960.69406882953
289,Paid Search,0.1280254092135817,43140.724248552935,883225.2452427663
289,Connected TV,0.487942422009972,56366.09166349672,388657.22060677974
289,Paid Social,0.5583901619619033,85847.63538723411,217247.36990943275
289,Display,0.801235418319123,72232.99410593817,384288.2608334694
289,Affiliate,0.1207917672924215,26024.522871716625,337535.44257306954
289,Email / CRM,0.3544413747030446,28928.35003775013,185645.86338290683
289,Direct Mail,0.1746619259844723,94423.24137866512,119637.45079533511
289,Podcast,0.5142889613138735,14044.744606884418,11106.047227567356
290,Paid Search,0.0198169096119721,35717.33705041717,902098.2890174196
290,Connected TV,0.7170796962249519,51589.43056434256,414165.67494121584
290,Paid Social,0.5487226611381203,265675.08985785727,488169.5385703173
290,Display,0.5196177109487329,166687.57945886286,755998.4675569453
290,Affiliate,0.2300885871486834,36566.806795712386,275186.4198863695
290,Email / CRM,0.546378680731088,29526.04431114023,470312.7450177909
290,Direct Mail,0.3494854922462558,30745.307657320096,165631.30399018273
290,Podcast,0.6736699871518158,25340.65229451942,221285.4486779755
291,Paid Search,0.2860053630206817,38345.67841995318,1021715.988828737
291,Connected TV,0.6765690652714519,70458.77904287101,479808.2813857116
291,Paid Social,0.6342875298904201,76373.77212883411,354794.55334319227
291,Display,0.5507075922031337,62744.89055758941,331808.3033657917
291,Affiliate,0.4271672247271555,32045.39220667322,328879.77496960247
291,Email / CRM,0.6851654509216802,17428.715653115516,74302.51611370254
291,Direct Mail,0.1951004594880045,81566.67364241624,148734.30029448323
291,Podcast,0.5513158688680329,10611.339955133506,91684.11767056762
292,Paid Search,0.1561062750956735,48977.3293076752,737801.9120223873
292,Connected TV,0.4559345073348045,44995.91883708817,296481.841954427
292,Paid Social,0.3942905326713991,93776.88535335756,220702.12863459505
292,Display,0.7262997124366516,138610.29681365233,1230898.5061132975
292,Affiliate,0.3356165526445621,21321.35626694257,453494.6374846362
292,Email / CRM,0.7374935571203977,37314.55415110097,127074.7322295938
292,Direct Mail,0.4613145845224671,77879.92973460277,272288.2895451983
292,Podcast,0.7315216401015181,18553.30957306469,84417.98962726994
293,Paid Search,0.0729351753061008,38764.2513926854,838873.5418031059
293,Connected TV,0.6715930842735289,96680.87969650852,747005.086402902
293,Paid Social,0.3928862690785592,638326.7001399727,671075.9836564278
293,Display,0.6880175570441491,97843.3215185169,565447.2546251224
293,Affiliate,0.1492441304981877,84890.6893942273,264884.0319541132
293,Email / CRM,0.3421610565767715,15187.49140681448,108542.5042392329
293,Direct Mail,0.7103104047762027,35649.69828669555,195241.04646052033
293,Podcast,0.4766091299313305,31262.17480232616,173239.54439522827
294,Paid Search,0.0082862545452099,46365.2380190101,626467.8851440289
294,Connected TV,0.6540318893939197,72104.27068256373,670293.9572111683
294,Paid Social,0.1704174783352816,142970.2671086578,142162.1509381963
294,Display,0.5735219540356252,75609.43272284666,424058.8400094043
294,Affiliate,0.1418946755702356,150329.71421014675,1068243.2171524314
294,Email / CRM,0.2498021462333539,79961.67708716706,36462.14953461065
294,Direct Mail,0.7383595510914653,91041.61856645472,399346.9858493001
294,Podcast,0.6558527929473743,38310.574917362595,238693.4761363096
295,Paid Search,0.093984039456316,65963.02588552231,445152.9628667925
295,Connected TV,0.4160778856355178,47171.562952371365,359551.9788556039
295,Paid Social,0.3182406687449657,28295.893061503608,532183.3461288974
295,Display,0.4691096212212508,78513.56495149201,367743.27191195625
295,Affiliate,0.1669972855244594,100991.97041660373,518014.6525498761
295,Email / CRM,0.5566921637141851,60451.13127177859,107346.71998161815
295,Direct Mail,0.9072914204534672,73073.08737721693,156093.33034596223
295,Podcast,0.3649957206746269,34331.017814085055,23799.189711562107
296,Paid Search,0.1042132606969871,33993.013158569374,1227914.5593996935
296,Connected TV,0.5499714791565219,56792.56973639492,393286.4472525181
296,Paid Social,0.318019217908884,60473.3754239043,181469.4709215176
296,Display,0.5841079269142477,34766.044289256555,409057.8313284947
296,Affiliate,0.0475606274607736,41827.65571626376,211849.8405774022
296,Email / CRM,0.6561072157436264,28938.202423375504,181963.94867798453
296,Direct Mail,0.2624719783685803,47196.0184867465,59786.268577095645
296,Podcast,0.7524839547055291,33207.77708929118,110516.89211923386
297,Paid Search,0.1066528675648769,46471.51383988355,602520.3472608074
297,Connected TV,0.4980063307110415,181921.8231200816,1174564.557427191
297,Paid Social,0.2564706045107752,54451.44607951316,88823.95244211552
297,Display,0.6762680054331578,66305.68312472255,657676.6836691876
297,Affiliate,0.1859469325805706,61632.93387340894,225469.7674464969
297,Email / CRM,0.71710517189255,8213.893990043089,67659.42831537058
297,Direct Mail,0.5256992631597837,89352.4941949887,239250.221126163
297,Podcast,0.3522581592819939,26990.05684659374,108767.8842063532
298,Paid Search,0.0309081650848908,36298.00853418204,695484.7966606701
298,Connected TV,0.6793950764706552,111823.7737083684,716769.1985966655
298,Paid Social,0.5015812298111009,155154.7133544666,383584.50787124113
298,Display,0.7351624008455635,101565.42203746882,253075.4109554795
298,Affiliate,0.1332643556527844,58837.74004066029,479722.0884279291
298,Email / CRM,0.4793093639378056,13130.429780187089,59779.46929743902
298,Direct Mail,0.4711667553631979,113090.34420743468,249021.4979856473
298,Podcast,0.3873774901807062,24699.779801803004,84191.8818717127
299,Paid Search,0.0591877566261118,38588.94769218291,846016.8027724749
299,Connected TV,0.7469408005082083,58871.071930431855,781880.9008181134
299,Paid Social,0.7220345651507575,39850.721781768865,402590.4812989801
299,Display,0.2177919870205841,21478.483924791886,250600.5203327554
299,Affiliate,0.121149103365183,12841.506770359816,551202.0261311382
299,Email / CRM,0.6640906428189505,38728.86613874622,27542.93069893165
299,Direct Mail,0.3230946846474514,359358.5184793166,243291.61389862472
299,Podcast,0.336834963062329,47134.291013225506,196342.35149023272
300,Paid Search,0.1695569473886871,38124.202884923456,904063.9610957128
300,Connected TV,0.4641353181373163,60833.49622324819,454882.7247459922
300,Paid Social,0.6400524240973868,63109.02094390035,177423.53287156092
300,Display,0.7794148831075274,93207.62174081964,347852.1701831227
300,Affiliate,0.1256622809726283,44289.07801763022,375943.88193832274
300,Email / CRM,0.2999379163123917,10887.441891137923,139652.3617774543
300,Direct Mail,0.362708374331793,25788.27601174598,96753.27766512123
300,Podcast,0.2462452452450277,18894.30342332967,25261.76000874262
301,Paid Search,0.1847133656788957,43216.16001508882,807863.0227015036
301,Connected TV,0.54565548145164,53186.79492451801,405295.5470409214
301,Paid Social,0.4602910606207899,54450.3171003577,144519.56542623992
301,Display,0.3316643690109557,60634.99762886593,355638.7741544776
301,Affiliate,0.3040319040820685,31593.773532056977,244392.278832744
301,Email / CRM,0.7650083585266046,22009.565834413035,145127.11685917724
301,Direct Mail,0.6257339714307334,176110.46620398576,242048.28100643327
301,Podcast,0.885803885379303,45852.491517327,99469.9653962224
302,Paid Search,0.1281640722020622,50412.30065804493,877414.6011734894
302,Connected TV,0.4559791897364686,32971.07424593795,283869.70115032705
302,Paid Social,0.3628807263681645,36831.85936493423,336774.0239661328
302,Display,0.5155012348106388,218310.8577017029,1444116.191436661
302,Affiliate,0.1087953209152571,52026.348472213576,344421.6140834399
302,Email / CRM,0.4394069777802458,6160.9719184415535,114520.99893620024
302,Direct Mail,0.5196531062125231,90692.17538664586,211491.2414225375
302,Podcast,0.2011126188385036,32586.966443552963,91236.98616045134
303,Paid Search,0.0899003391934014,64917.48453575126,568213.3395543785
303,Connected TV,0.651016231732864,91134.22233592076,821702.2853994479
303,Paid Social,0.5068562892210049,72868.97291454031,57738.44563794904
303,Display,0.5436596755273203,28675.614182629553,137878.1996563327
303,Affiliate,0.2119342620423444,47901.20900765168,465482.5608103575
303,Email / CRM,0.2940647273882056,6156.371046489807,162808.93074417918
303,Direct Mail,0.5193127772232182,66640.79258003518,225430.3081836464
303,Podcast,0.7976097423441268,11148.704607014826,24104.25929269366
304,Paid Search,0.2347502866958149,46597.658937452834,841650.2082099322
304,Connected TV,0.6830215800145945,66615.82381725936,639140.7625056253
304,Paid Social,0.1913048844556995,28532.869065786796,222150.83081525975
304,Display,0.7174770612209626,108511.54054192778,366418.93002898706
304,Affiliate,0.2265916289060117,32085.761168743826,263781.2383825685
304,Email / CRM,0.938130766047028,11576.911105785555,89687.32002600767
304,Direct Mail,0.1246596958205193,55366.8262722385,116001.28863237434
304,Podcast,0.7939776769216311,44685.5831499735,225520.63201168712
305,Paid Search,0.0802628570690129,45945.96898478973,816175.2760623373
305,Connected TV,0.6845643610235014,34482.1852300003,510692.8204516476
305,Paid Social,0.679386727485665,81602.5963175224,260517.94368807535
305,Display,0.3499521908207807,106074.63739235564,306662.03764732106
305,Affiliate,0.3271976373104227,16047.168239230135,250685.0946288088
305,Email / CRM,0.2425403808622363,15862.152344656355,258083.74105437164
305,Direct Mail,0.4757207343467066,32937.70880401715,69913.9319226557
305,Podcast,0.20055958555017,97514.56198109828,114100.15460530564
306,Paid Search,0.1095607395630629,38391.17623281291,935860.4130440227
306,Connected TV,0.5998869496853579,81309.21865707492,701310.8030944299
306,Paid Social,0.2601268076501004,118978.61116618224,213639.86268633057
306,Display,0.1777634864099981,141769.71785332728,291481.79611796077
306,Affiliate,0.1217866295714815,18269.318692399043,350409.4556802571
306,Email / CRM,0.5650932703015374,5051.217713288202,208441.95857686808
306,Direct Mail,0.1621851657571478,49865.19456161633,193235.08501693097
306,Podcast,0.505221424539261,17123.65326602462,75369.616907673
307,Paid Search,0.2884254069161664,32206.731401187895,1405789.249556808
307,Connected TV,0.4577025527003742,86805.08469947382,597610.0171996946
307,Paid Social,0.186287308281525,69580.63772837678,204571.789445514
307,Display,0.5154752855994673,171962.71504770505,932725.7651233424
307,Affiliate,0.205201368150951,87675.0548180492,349336.35368274647
307,Email / CRM,0.6050006804974105,13480.01426782788,163739.55744790574
307,Direct Mail,0.3234067000387648,44270.86213134784,165199.89825520935
307,Podcast,0.9321773184014718,60396.762927620795,188352.38668977717
308,Paid Search,0.1960832339570802,55840.20268431889,632860.5227103577
308,Connected TV,0.6402393797909918,65456.28067543715,688243.5826591698
308,Paid Social,0.6053777895388176,57853.383366766546,403058.4076754393
308,Display,0.2325045920744642,75785.77657417377,223927.14127946596
308,Affiliate,0.2853996002312429,20752.184783472552,414181.37936037546
308,Email / CRM,0.2378822185018455,8551.148040129123,87289.00693321638
308,Direct Mail,0.5753841039610508,129085.88140944178,479348.145969282
308,Podcast,0.4352928212296721,88874.78295295763,48347.84267253464
309,Paid Search,0.0577332960885206,44572.51044797622,916190.6001857932
309,Connected TV,0.520997463637254,107433.09262899164,670511.088732127
309,Paid Social,0.4366828616701665,60984.46924975981,184032.23509404593
309,Display,0.8156479336681803,55154.29200475284,219863.83233359535
309,Affiliate,0.2156968472376911,15119.060797536522,166833.6694274237
309,Email / CRM,0.3794124393064643,25096.87355709956,83941.85243046735
309,Direct Mail,0.4227547487153164,68023.90173838267,92666.8937300333
309,Podcast,0.5132419689461267,67924.01708933704,300384.6721934698
310,Paid Search,0.0613225591365271,52409.299315926335,476976.4193458442
310,Connected TV,0.5586403885261682,87685.11685743685,618187.5345665519
310,Paid Social,0.5209738226170076,43186.67264956207,213897.6319911936
310,Display,0.6948852840043178,119035.93584741597,496800.8917033027
310,Affiliate,0.1313589570330444,23193.18651648043,217724.0774839606
310,Email / CRM,0.7876621582835313,14600.867288457132,178180.94289952112
310,Direct Mail,0.5149714994299692,191212.98967753124,402143.9193689566
310,Podcast,0.5261713326153502,12045.91830162132,15307.76743535796
311,Paid Search,0.1618456522185586,47339.92829188377,910335.4714796444
311,Connected TV,0.3678993506014342,61079.61755958397,420034.9366492653
311,Paid Social,0.4101419233852619,49418.98479777173,464582.17957422155
311,Display,0.4258534744033247,31220.087334624077,239303.84440406124
311,Affiliate,0.3008440481005393,41001.85936015587,187704.5762961398
311,Email / CRM,0.4731899083755852,10144.560753379465,22416.105254850492
311,Direct Mail,0.2805034009470413,25928.57620954677,116971.7386482396
311,Podcast,0.6412490878142206,68257.2958206924,239049.50217577865
312,Paid Search,0.1373024304150965,49703.422520047236,822487.8779067709
312,Connected TV,0.5706781831053631,48286.75242181848,315623.22785690165
312,Paid Social,0.6126801803951557,53855.76523838106,327175.9805021815
312,Display,0.2498724546110819,79785.54325043157,449591.71033592615
312,Affiliate,0.0247220293698162,29315.364435736752,258969.91468947908
312,Email / CRM,0.4551835089726861,5838.1633857147235,65310.08078448924
312,Direct Mail,0.7497693406988103,142796.57286881574,714329.4619688988
312,Podcast,0.2205169979032329,86449.88967462492,171873.74562864835
313,Paid Search,0.0604574641285083,50130.287116232306,620258.8582145282
313,Connected TV,0.6029107675369135,99118.8648168542,850857.32561679
313,Paid Social,0.7244304956171329,36422.00724656121,203651.0621530551
313,Display,0.6288588189775374,38354.02096056299,214315.25415931587
313,Affiliate,0.0975722087036888,39461.36013727151,214090.390297607
313,Email / CRM,0.4785508069329502,22343.933463362737,69939.7799862446
313,Direct Mail,0.3744870286112153,650829.2875418542,546302.6213181862
313,Podcast,0.7802001545845774,35141.59613613819,139865.1969116692
314,Paid Search,0.1584708542209223,44694.543099848335,773569.9405425154
314,Connected TV,0.4699479019561811,88849.23425436247,472924.94093377376
314,Paid Social,0.5492873299576658,38020.37677143783,158996.01218797962
314,Display,0.656309846495079,133838.52198550274,968317.9357353712
314,Affiliate,0.1154303995999757,55170.61050801092,187629.4551503937
314,Email / CRM,0.5053758990423869,35065.12569807454,21989.77431985613
314,Direct Mail,0.0498221658613698,37344.7303502033,84612.74803151887
314,Podcast,0.6775651269946928,21715.2768009128,77579.32524831317
315,Paid Search,0.0943376384793344,46076.85822902135,505271.9594742712
315,Connected TV,0.5655544651844182,40895.94887880446,492145.3992204632
315,Paid Social,0.5025519278609775,138875.29633969208,685379.8186020554
315,Display,0.7282956237761157,20044.04970614885,206457.6766027244
315,Affiliate,0.1043945479273697,77705.23824856494,455116.2843975618
315,Email / CRM,0.1755816227884855,12777.193775255815,103386.1387438212
315,Direct Mail,0.4227842650565656,73089.27226665708,242089.49252146477
315,Podcast,0.4324418421222559,15982.75048286466,23065.04367904933
316,Paid Search,0.1258040950498341,53091.76031549442,574002.8900680649
316,Connected TV,0.675388240473687,84226.90742339916,633922.4884285264
316,Paid Social,0.1578915953053347,109700.53545406427,269555.6727424187
316,Display,0.6251113253051255,389097.18608270417,1241641.9822291334
316,Affiliate,0.1553061898542207,27805.48901509469,479468.5959530205
316,Email / CRM,0.130512430444796,4328.997807183996,161699.46285931027
316,Direct Mail,0.2847541401431352,149754.11232850145,497340.6829153915
316,Podcast,0.1890931517355164,16562.91718046389,12233.245196532103
317,Paid Search,0.1113616495103859,38068.75612080312,962864.4254205052
317,Connected TV,0.7205497363569444,71687.00434535432,663435.8833579057
317,Paid Social,0.6069618397717028,44485.03174243578,165953.67497403902
317,Display,0.3923980393311411,36964.477126685975,334234.6146867088
317,Affiliate,0.036680102982993,24378.28548848087,322592.78032779007
317,Email / CRM,0.2308946561558445,41284.031222232814,197379.70084525572
317,Direct Mail,0.4572001177012646,109935.0051760692,327321.2381146865
317,Podcast,0.7417570083922689,47254.078306258256,124491.94330840762
318,Paid Search,0.1435548418878281,43840.58306487704,728986.1247817333
318,Connected TV,0.6427209555447271,41044.026169478886,359404.143903206
318,Paid Social,0.5839363890330904,64351.52017346679,270368.85761848686
318,Display,0.4344599911762178,22710.18345113352,359636.5975834246
318,Affiliate,0.3035153639198798,44779.72131529024,244383.09947764067
318,Email / CRM,0.493884619516015,17784.904715342258,11014.4360299916
318,Direct Mail,0.4836008106260865,531634.5930851193,657774.5912542341
318,Podcast,0.6334305042342842,29764.83400306118,76832.00916762468
319,Paid Search,0.2059373900898177,52256.19351096136,621803.2697410285
319,Connected TV,0.6828386928320748,65845.5253713943,596507.0934945276
319,Paid Social,0.7447617514834878,182981.68853334684,903244.2206582724
319,Display,0.7160516178629068,28625.12492423513,130655.86165649135
319,Affiliate,0.0448176721813027,41347.946343013704,209184.71804860423
319,Email / CRM,0.4103410885444568,35055.43358523799,87961.12226763778
319,Direct Mail,0.1871347873252641,32827.51314544723,143233.78531784547
319,Podcast,0.8080715980462975,20691.021353258177,194879.83397263516
320,Paid Search,0.1362269016184878,47820.482077468696,732615.4660261648
320,Connected TV,0.5562392686220836,62947.32697451176,408367.6373068387
320,Paid Social,0.2157909728907131,39877.603670060824,293954.444332516
320,Display,0.4920752989958727,68961.76684793891,375716.3305329558
320,Affiliate,0.1477122122984554,22294.619166419267,313498.8220091317
320,Email / CRM,0.262738893998805,22165.602603140014,86016.2265688266
320,Direct Mail,0.5631154019306555,41880.62031775779,200556.01652379113
320,Podcast,0.7642546447360028,16286.70367323532,78306.59243588748
321,Paid Search,0.1207885912000745,33475.98953507445,1193449.5518099032
321,Connected TV,0.5847857888907799,49631.992115041015,469327.5716630462
321,Paid Social,0.4643362383796094,253482.89274595876,402728.8999101157
321,Display,0.639157825581464,46891.870148877155,398788.28807111055
321,Affiliate,0.3930986399377303,21426.49237131577,186237.93035747844
321,Email / CRM,0.749576630632553,87921.47779884379,274502.840763874
321,Direct Mail,0.6650444015585095,44650.065206919695,173884.3686246553
321,Podcast,0.5725638022926032,14484.208306060294,84161.30825439746
322,Paid Search,0.1044617213298621,52627.32409740608,467927.86685196054
322,Connected TV,0.4081993912891969,167590.2293200068,1168767.542940146
322,Paid Social,0.6381490317507655,134888.8557468498,360239.0250696848
322,Display,0.4038282781388006,36520.57273740047,75954.6212237009
322,Affiliate,0.1545101566580839,21070.90062343478,414272.5385178913
322,Email / CRM,0.6472467403231886,12545.715960575097,78760.97511829609
322,Direct Mail,0.6314567616261271,62723.83216660009,258524.36962049856
322,Podcast,0.9245943847784298,28037.324568444114,142296.77145373466
323,Paid Search,0.0566079920558296,43133.56999161864,687607.2660547473
323,Connected TV,0.6390334674706623,107756.03055133614,792994.357809781
323,Paid Social,0.7059438562549515,35057.16546700236,223407.93147838404
323,Display,0.7772566964285264,223151.88439477672,941254.3581312516
323,Affiliate,0.2086462468969812,59985.57605682733,392306.962566507
323,Email / CRM,0.344955465051215,17971.15455898763,61007.55777790027
323,Direct Mail,0.3349494023127257,67456.57082860345,95430.41359865048
323,Podcast,0.2616309548615245,120642.85599760216,192325.49237124473
324,Paid Search,0.0889144221849767,65098.346145669595,736343.3719442224
324,Connected TV,0.6492056379969793,78959.1952842661,680045.9652109394
324,Paid Social,0.2001196746219175,98320.85390816323,82023.71514972195
324,Display,0.5409683769294664,55030.72327805684,406212.0402412136
324,Affiliate,0.4726108924484212,30639.6545135818,424432.4923863006
324,Email / CRM,0.7174418796566908,15167.535148522787,136053.20562534546
324,Direct Mail,0.7223701513061442,84188.47650876993,262358.94178754534
324,Podcast,0.3756662015417608,37815.61272241006,109916.80872670404
325,Paid Search,0.2174903878126547,49220.310746947136,984994.6873221708
325,Connected TV,0.6825001863652538,73438.47646222696,648667.3656953606
325,Paid Social,0.6164963732961734,150043.67026365775,721027.7665714684
325,Display,0.6095366131151825,92595.06569551384,621466.0071534042
325,Affiliate,0.3295717220367071,102761.71625615742,364262.9661637717
325,Email / CRM,0.5077164287330278,9878.337289223306,109144.02628332788
325,Direct Mail,0.1763065277815587,41175.3659131764,90345.54004160353
325,Podcast,0.6638931333201792,10934.21204328056,129630.03601621826
326,Paid Search,0.2506519202547853,78062.71721931065,524717.0220869165
326,Connected TV,0.5978532902833028,51719.87746092256,430151.1614753894
326,Paid Social,0.1549547481566345,298878.7706918975,339924.0338677433
326,Display,0.4452244713989138,88552.550207972,461135.1818141348
326,Affiliate,0.1061340625226153,35851.464644575346,239908.9983754271
326,Email / CRM,0.6588937945874372,11880.160448912544,354434.0554423718
326,Direct Mail,0.2288928665316577,95257.66792436744,266493.06304632506
326,Podcast,0.6182189052240098,39288.499663581526,78647.98631481559
327,Paid Search,0.1289180540318746,53293.247224647625,636579.0686468201
327,Connected TV,0.5110670840822737,66384.8703962857,388679.0708117165
327,Paid Social,0.685522124503015,46722.9963753821,244112.64962070648
327,Display,0.7499912261748849,81149.82371581988,161121.72007511734
327,Affiliate,0.4446191448335937,22011.50749469615,303340.6989322091
327,Email / CRM,0.4690059317147001,15107.84646175983,71961.95677959578
327,Direct Mail,0.2933398360149327,31807.207608053875,109802.24796202742
327,Podcast,0.7720554325068486,27788.41006643462,160235.31242114905
328,Paid Search,0.0945129163858098,53536.11365335419,522241.37106986303
328,Connected TV,0.5714291846580387,155923.6253667711,865731.0657102964
328,Paid Social,0.4808136406897642,47139.26197305416,126164.32066439852
328,Display,0.5735287625382911,54395.08789983781,322162.874827992
328,Affiliate,0.5443004958306414,17398.18030660012,597800.486685284
328,Email / CRM,0.7135825965492391,35750.242359041156,2023.2436002966067
328,Direct Mail,0.3798457512340372,54397.351453548086,49801.07371003984
328,Podcast,0.6781448418215379,20506.01730586251,140887.8143402504
329,Paid Search,0.1734794381809506,46397.04251327408,794566.7893056284
329,Connected TV,0.7204054716427235,31095.50807364114,434518.3749794651
329,Paid Social,0.7257765624387146,106271.19326549984,527678.6118135642
329,Display,0.4051759871029777,324901.3203047637,342970.46259261586
329,Affiliate,0.4555874799717804,52319.78014529692,196490.34037850023
329,Email / CRM,0.2633316108393744,68702.97213177709,128197.65806850493
329,Direct Mail,0.1730882393876425,22101.220848074343,145640.43502643608
329,Podcast,0.3067114532184047,32364.470864968032,103072.51721437542
330,Paid Search,0.0603744750508215,54397.02551449432,553740.6298566167
330,Connected TV,0.6397555549978157,126678.3872608862,1116426.9922732993
330,Paid Social,0.5244378387112086,28683.765185616183,460775.63825431094
330,Display,0.65214903895016,184108.17573372697,574425.4072874155
330,Affiliate,0.3454603130372917,61802.43469444951,262503.5781761933
330,Email / CRM,0.3760727429128565,12833.822109986822,37495.64168577524
330,Direct Mail,0.2334717530908538,781576.6130806184,321781.61637668597
330,Podcast,0.438202992682935,10598.06100083355,15098.59328544409
331,Paid Search,0.1887849094914042,42858.74169666262,743593.132771453
331,Connected TV,0.5684383059054222,75950.67869718694,429903.99676624354
331,Paid Social,0.3981475982676415,32813.91850811859,457685.3782706924
331,Display,0.5505740229460554,100015.06036568836,431234.9232422966
331,Affiliate,0.1025610992518104,45279.05634232366,346163.8731210363
331,Email / CRM,0.6393794078782448,9758.86761391271,176036.50802716808
331,Direct Mail,0.5827197259272109,87341.7501186539,255483.12634658284
331,Podcast,0.5027158426505207,30821.166758600757,95080.69795129071
332,Paid Search,0.2196396138377246,42736.553081888866,928542.2700794464
332,Connected TV,0.3186833381825116,102846.12887547335,501662.6952702563
332,Paid Social,0.5550204099540116,126203.89949299095,437395.8881378886
332,Display,0.2900931013792531,36980.64829155119,368935.52657510975
332,Affiliate,0.0862016631411838,65391.11429654127,225473.83418035464
332,Email / CRM,0.6196591037651749,10932.731011259246,70438.75056677763
332,Direct Mail,0.6302535031818025,91222.82194944064,208369.48245929147
332,Podcast,0.4196931257115378,66905.22781248721,106103.86032970111
333,Paid Search,0.0418548288021893,64508.821740214495,369165.7472999005
333,Connected TV,0.4408871942851358,76851.63396634991,600183.3984559021
333,Paid Social,0.2746977897507313,38237.437963904165,58369.03800766793
333,Display,0.7415322871708195,197184.24078756713,613989.023103268
333,Affiliate,0.1697605329473621,63942.89174177616,353131.2833769546
333,Email / CRM,0.2064383584333,41432.21861215675,158606.43645168
333,Direct Mail,0.5211577243269115,310969.56932889356,542248.2648468369
333,Podcast,0.3227551660694167,44967.92537015965,96988.7608731777
334,Paid Search,0.1361556022630665,43195.39337954871,795131.7985665342
334,Connected TV,0.5725719592990266,55304.58990193621,581475.5429743944
334,Paid Social,0.7010420350830916,98648.20874935618,362484.30628873507
334,Display,0.6860124532013142,88108.78400265366,295418.6155307597
334,Affiliate,0.2682319099057489,25466.989232435364,335848.8013350981
334,Email / CRM,0.1228276366634774,15346.633730356149,206427.085180448
334,Direct Mail,0.246826031965775,171954.542827812,151451.02981071378
334,Podcast,0.0264080171233354,29762.381462078436,49977.92192652402
335,Paid Search,0.1142691582841675,86973.70586745354,482742.3584129824
335,Connected TV,0.5998947527365742,103754.46473520836,661094.7931997149
335,Paid Social,0.1964235902828089,84186.9755222308,148546.4515210094
335,Display,0.6885375199634967,54010.03441544754,383651.4494519932
335,Affiliate,0.3042283583910451,28617.590806236316,103915.13857832456
335,Email / CRM,0.3725269206804286,116398.27064547285,94941.41881537763
335,Direct Mail,0.3080131744849932,235539.34977249472,364072.1203133608
335,Podcast,0.6690942634125207,27010.38558442468,98160.41646305688
336,Paid Search,0.1246629980890777,34754.201072156204,1231361.269624278
336,Connected TV,0.6407688089059737,63316.84339454175,487137.7239869057
336,Paid Social,0.6422034474490558,219893.1963907139,202328.7555025392
336,Display,0.658530501847288,120517.03319030978,899197.5855689252
336,Affiliate,0.0397290907052566,28792.979470356713,251796.88089427035
336,Email / CRM,0.2059601689237754,14448.318098295838,83473.97052871021
336,Direct Mail,0.759707514948569,71940.68835599086,369832.4190874904
336,Podcast,0.2359024984046995,34733.718389547204,96205.45647350964
337,Paid Search,0.3775836782707039,53035.586553722125,776434.5037943476
337,Connected TV,0.6216258691720258,76336.17902519347,559365.116608682
337,Paid Social,0.440903315966182,165691.70773931872,341134.53535606456
337,Display,0.6307084933332318,62486.51152289312,525271.9637294436
337,Affiliate,0.0658728171274178,35946.104400313925,255506.71378308703
337,Email / CRM,0.2494685209172584,17875.847269679234,137950.64855432577
337,Direct Mail,0.3631783799333927,175636.9762537354,301804.33485120547
337,Podcast,0.41161100680345,90301.58364781592,106607.34357815006
338,Paid Search,0.0927844978104143,47022.75933443797,718009.2968650891
338,Connected TV,0.4528350106432639,74416.81712310725,361491.9995126945
338,Paid Social,0.4183254084326165,107234.90270267858,91012.40223768265
338,Display,0.504085923437479,144240.45186916704,884431.9362909802
338,Affiliate,0.110156509399541,16825.18004510205,338104.24588046665
338,Email / CRM,0.8421981326500751,7830.367479249919,69165.25341967937
338,Direct Mail,0.4541722784899817,118083.19466482093,33707.5475443344
338,Podcast,0.2995892733566181,16820.620041875976,21056.563544380264
339,Paid Search,0.1179764653869528,52185.509612792455,578108.3587160492
339,Connected TV,0.6111001076832762,68202.64173914502,403270.1006307152
339,Paid Social,0.682419245063702,173052.39222268577,259492.37405548105
339,Display,0.3559401300581015,45905.13593832935,205145.72636990255
339,Affiliate,0.0223999058801448,47780.34750710021,72727.22675246646
339,Email / CRM,0.3601282157265926,6527.430443182721,26110.315180875183
339,Direct Mail,0.5476850312567791,50731.16589415872,247119.5510418013
339,Podcast,0.7834934191325058,34187.89766659695,184079.56049258955
340,Paid Search,0.0523213528778637,51648.72706445632,572119.0248479801
340,Connected TV,0.5026174405913162,78512.97166630001,564006.8120716247
340,Paid Social,0.4112011085753304,85284.32927761637,320263.5351231185
340,Display,0.6333816958810181,72701.64607246089,612528.9475518363
340,Affiliate,0.017727478035046,48406.87405745888,297233.4462007685
340,Email / CRM,0.8444313823436297,6937.011793375222,79958.45351723807
340,Direct Mail,0.4914340706149925,62803.152144704,91434.38472269473
340,Podcast,0.7778699916382211,35574.30486616054,245549.3591627744
341,Paid Search,0.0956181133402566,41605.731248587486,897982.9099077763
341,Connected TV,0.5878776415917434,148090.4881356646,1175396.81416163
341,Paid Social,0.4652645387320352,95620.39029805711,474189.4991969324
341,Display,0.8164135823781821,117837.96982372264,343576.2690455822
341,Affiliate,0.3791973933732892,46683.632887129424,326149.66798880836
341,Email / CRM,0.5750074940990132,20613.11268492223,131933.13988239286
341,Direct Mail,0.5284681315630275,133082.5610513126,151152.24364117585
341,Podcast,0.5505315855634987,14107.897318614094,130552.78623285927
342,Paid Search,0.169849155300962,55686.19138387533,611259.3307529753
342,Connected TV,0.6075096310031282,59718.717420955414,519984.8348199295
342,Paid Social,0.4332640713516579,28140.8832386202,658398.2622227023
342,Display,0.4845411516972221,143615.0547636833,523870.04826368537
342,Affiliate,0.3045517398400245,23100.399124127525,115896.71926439591
342,Email / CRM,0.2712565681882977,24210.95585040613,29848.065358309384
342,Direct Mail,0.1880170832043389,265021.33713104576,370245.75191809784
342,Podcast,0.9098851485663808,31384.61527020398,246827.18602799188
343,Paid Search,0.1598626529463838,44566.85969584641,846928.6505510826
343,Connected TV,0.5412226087687126,61792.722235632966,455929.02278661635
343,Paid Social,0.5617876248505713,188977.9180588559,815632.7995229512
343,Display,0.4548836373660936,37082.574186614554,347817.0615962697
343,Affiliate,0.1468299097688611,29154.96998483935,204646.6014540315
343,Email / CRM,0.4648176907709289,26432.84925111824,74802.30094586054
343,Direct Mail,0.7960081729103312,42351.77089435262,528579.7086737122
343,Podcast,0.1521544770520264,71554.50743362344,27848.299818321873
344,Paid Search,0.1226838469555192,32832.04871221318,1197947.1861434528
344,Connected TV,0.6560814041355837,33460.56887308962,297974.59947767435
344,Paid Social,0.8768821516443734,105497.56206031116,165933.70292092723
344,Display,0.2603328420771358,77039.97062891553,256125.00671826792
344,Affiliate,0.3258606784556154,20736.23500235631,256516.45145629963
344,Email / CRM,0.8577418408058922,26930.49537760995,59698.03631259722
344,Direct Mail,0.429953385123916,114854.29653229663,119930.77477472794
344,Podcast,0.0396978496043305,26271.48421536373,48587.988936796064
345,Paid Search,0.3206866676326204,43949.698218432146,861592.7174837092
345,Connected TV,0.5392826633008307,80580.34340118784,625334.3341186327
345,Paid Social,0.3999973880372085,59459.41762239947,316933.1291264452
345,Display,0.3295788658162444,62521.318971378656,204256.41513271772
345,Affiliate,0.2617958818903574,45590.903767679905,445156.00357458706
345,Email / CRM,0.7138776628187474,9488.432969862291,15182.4504358487
345,Direct Mail,0.7048885193793135,60978.79024677736,330337.0291353122
345,Podcast,0.6355592607347935,29740.89367757926,82451.35456016367
346,Paid Search,0.068420901427661,49420.73393008739,641806.4072917639
346,Connected TV,0.5637103604070356,98021.15223871404,638851.1517310861
346,Paid Social,0.4224508379201381,231329.69028035377,30651.16367523153
346,Display,0.6578355134331906,33937.39282149978,363669.87399955344
346,Affiliate,0.1817072620985211,28305.57250046855,467504.5507419496
346,Email / CRM,0.7138814210511227,12419.528527586974,72790.81965632971
346,Direct Mail,0.5599212985031464,66295.84159983395,3521.0100666560083
346,Podcast,0.6129882550094462,38502.820718194576,186293.3809032584
347,Paid Search,0.1750369017799561,72845.62468524014,591842.5976570477
347,Connected TV,0.6724979999965506,44369.21105755892,468899.2187078228
347,Paid Social,0.4508533791880662,77136.31858920018,338933.03713431786
347,Display,0.6640327655034892,36242.64391283582,241001.3353798915
347,Affiliate,0.2011211724924023,30476.85672451973,371766.653495342
347,Email / CRM,0.2108054960439459,23492.233950996702,118260.11163901543
347,Direct Mail,0.2186508060894683,55744.799833725265,89092.50187886179
347,Podcast,0.6807115325879084,18472.97811346478,33739.39419993831
348,Paid Search,0.0241872947390325,53371.43678925883,558965.0890824919
348,Connected TV,0.5250255965177907,279644.8488015439,1338121.017758418
348,Paid Social,0.537823243037676,91090.1519981051,352277.2590026035
348,Display,0.553785735769745,40661.13958733001,190374.45396266785
348,Affiliate,0.2820545351116681,45239.42635284811,286019.2796444173
348,Email / CRM,0.5631512591365533,30173.361570408582,174710.67226220205
348,Direct Mail,0.5231064526457903,26368.693340257483,96749.34469627088
348,Podcast,0.6730837523259624,26623.01758516945,147043.94192769998
349,Paid Search,0.1250577938463277,41513.27632044771,996904.1777451326
349,Connected TV,0.4670428430885943,62416.13225041802,434508.1759325391
349,Paid Social,0.4458812874520476,187031.3631123186,580199.2994922192
349,Display,0.599187136010633,109857.2993028187,586531.5266690863
349,Affiliate,0.4884812228194027,27101.48572050647,219989.8638396323
349,Email / CRM,0.2346585172371703,37780.64445425166,222599.74296804864
349,Direct Mail,0.5745931002715383,238194.95341991656,578023.1994148191
349,Podcast,0.7841319100281071,15950.702813296184,128424.96486406476
350,Paid Search,0.0279582305036119,56211.13552716834,621831.7830324739
350,Connected TV,0.3865887604557718,118713.88318776528,577416.4876300555
350,Paid Social,0.6517635326343258,33466.17683195394,578343.0292220024
350,Display,0.6324021631380721,29162.59710465366,313295.53760292794
350,Affiliate,0.1198817059306825,111722.03287422616,86277.2240575786
350,Email / CRM,0.6451831948728763,9414.577491491003,75331.10355223493
350,Direct Mail,0.3644492649704045,65296.05575717796,47136.823515432974
350,Podcast,0.2117032456989093,11479.7184997304,30338.59371854768
351,Paid Search,0.2487239656922642,44222.87032292715,1002781.7048724776
351,Connected TV,0.6038229758196394,61266.45969037299,367343.2693102267
351,Paid Social,0.2821804442932869,316156.2239513163,521952.21048703307
351,Display,0.6952743057540878,49136.07760932162,243028.79983681272
351,Affiliate,0.0811325157940662,21527.895117893997,298895.61309068935
351,Email / CRM,0.4541678316257063,10606.804708349213,148994.74481409622
351,Direct Mail,0.5610970274512788,193546.1749265071,297459.85270187235
351,Podcast,0.8975391337025883,54802.34671940893,102952.0870696602
352,Paid Search,0.163679866656042,41651.800191969334,903128.1395200876
352,Connected TV,0.4451972935633486,59923.27593098396,489441.6530491682
352,Paid Social,0.6598299341451843,35838.778946672224,239367.7990451282
352,Display,0.5950180068759985,73288.9183625657,221912.375246336
352,Affiliate,0.2030527411659513,25885.1115388603,329775.71524802456
352,Email / CRM,0.5061267509585933,18751.284997275743,56997.04104580024
352,Direct Mail,0.6182769089875819,38049.05746819413,95330.29058216103
352,Podcast,0.3562340553481422,80438.27294552219,250023.8184708245
353,Paid Search,0.1193995607664516,52972.88785778408,392450.62183264
353,Connected TV,0.4423416704587794,79315.6478133554,568193.1528527653
353,Paid Social,0.1291552092083108,98366.09234747713,298849.95470609405
353,Display,0.6887109052325847,145414.8926771509,611414.5837208519
353,Affiliate,0.1460845018911434,41753.2979639081,379801.86217654846
353,Email / CRM,0.4603534227839591,10618.19483036697,14187.339147909848
353,Direct Mail,0.1936552800193339,202454.88676824095,390663.4048259028
353,Podcast,0.5047684790257979,44974.711026642006,209444.5971831992
354,Paid Search,0.1562515067232164,45666.14216156666,687573.1153799625
354,Connected TV,0.584417747179511,142746.473284125,1272931.5743370245
354,Paid Social,0.2553863573398879,71372.02988835865,227458.28996091857
354,Display,0.5320328680169585,142307.1799601694,488410.34560604463
354,Affiliate,0.2626166768514517,31389.60639506107,233181.66342812555
354,Email / CRM,0.8239124814297695,25637.237865340237,91551.30860699194
354,Direct Mail,0.2033325045556769,162052.716550009,186627.88951866972
354,Podcast,0.1231280646424162,44343.188936631705,117699.49138940402
355,Paid Search,0.0646449629245481,55535.65044703687,682998.7759680736
355,Connected TV,0.5148599532602954,32063.41581007303,326414.7190826867
355,Paid Social,0.172043291740726,88802.15522473681,185196.5318309972
355,Display,0.4863851919999385,40902.41470006407,407850.5909160327
355,Affiliate,0.2135824869433195,26331.381372190583,334441.26852306764
355,Email / CRM,0.2211700860813017,21952.91565574825,200785.74038986868
355,Direct Mail,0.6187580987028768,387969.1916343278,1110326.0798845787
355,Podcast,0.6123238008689098,46552.56476900125,282609.703483449
356,Paid Search,0.0704131912770497,59804.561981610685,573789.3699200822
356,Connected TV,0.5999173056345578,90775.35194970734,630915.6631425832
356,Paid Social,0.7194921812961166,36111.979862411004,209805.83851370713
356,Display,0.6549954139866917,147420.03122611585,674722.071982289
356,Affiliate,0.1760500135958664,110230.5334943198,744722.2075907579
356,Email / CRM,0.4448755010153666,12959.14691901827,139672.06781076433
356,Direct Mail,0.0789943034096951,280159.05151631293,503634.77106894495
356,Podcast,0.4918739384252709,13628.959138575958,61244.49316131066
357,Paid Search,0.0355219789037606,54597.98919917438,533287.520876356
357,Connected TV,0.6245840942878323,66998.41837996783,490993.2504215832
357,Paid Social,0.628469440481348,61651.22535035755,566371.7715647134
357,Display,0.5291294373438928,97906.14739260972,248584.9897077675
357,Affiliate,0.199326835698818,44478.02947320527,298915.57683665224
357,Email / CRM,0.6200448419622313,9465.381704299632,55139.89274456636
357,Direct Mail,0.2149676209744554,114698.69260736056,135035.38791639713
357,Podcast,0.5515663509680965,18529.031299689057,59379.13807175071
358,Paid Search,0.1552410911542509,43224.51103613529,729461.4512037897
358,Connected TV,0.5052832181417686,90333.28267075685,596022.8439193064
358,Paid Social,0.4796317896487094,38308.98788698504,184886.15587257623
358,Display,0.3879834056769756,243338.99234781993,578566.0905203257
358,Affiliate,0.1005244246937345,16628.00773705812,413176.0875103152
358,Email / CRM,0.3995515434449008,7031.517095162193,205464.1095433658
358,Direct Mail,0.1275500372246432,36609.25266023116,59283.36798282062
358,Podcast,0.4417691996441132,27005.696830403365,55095.05343576105
359,Paid Search,0.2330713559793614,52135.96754099965,920750.2300126458
359,Connected TV,0.5449720835462583,118648.07689456544,752961.8696694282
359,Paid Social,0.1835129635607792,110924.7320075874,222132.70680870808
359,Display,0.6414818178745528,60133.21220946061,515975.12616950535
359,Affiliate,0.0630621440068423,95485.83026672038,270709.71736352955
359,Email / CRM,0.5171317513088028,11175.763555011064,191508.88758960608
359,Direct Mail,0.8802429644160088,81780.01964980368,223703.63418541497
359,Podcast,0.3397449447713741,21782.903069914068,115437.95131566796
360,Paid Search,0.2444312851076962,76886.52613570412,470183.52935266896
360,Connected TV,0.504034953315185,39286.33050727464,285569.46246148075
360,Paid Social,0.1448988068074067,123114.038711359,400425.2638941289
360,Display,0.7702369289826243,33485.49286951582,481406.5171837054
360,Affiliate,0.2869682432791147,63299.407211068305,299855.2189242348
360,Email / CRM,0.8152979697144295,19457.329887440945,81357.99583121408
360,Direct Mail,0.8050609888895395,116545.49767002703,149314.83512172318
360,Podcast,0.2558235144085725,22925.572975533927,89629.74798530633
361,Paid Search,0.0300399682668657,50480.82924578004,536610.340477947
361,Connected TV,0.7080962698342392,51735.91537943548,601098.9312685363
361,Paid Social,0.1627796764644663,69371.14862545833,32070.181350427327
361,Display,0.5530275200351586,49961.559459119475,150278.3801701814
361,Affiliate,0.2508987284203476,25110.56288302896,166059.691727528
361,Email / CRM,0.8154155487670073,12280.725186242702,112264.98749389112
361,Direct Mail,0.3109708874292289,170439.28086474087,178889.66486054554
361,Podcast,0.787631787127661,34477.74236499027,48970.51311446665
362,Paid Search,0.0859880944518054,41671.96140292017,894053.7639551096
362,Connected TV,0.5285699236927851,73401.72821562336,518102.5234567378
362,Paid Social,0.661341926992367,60840.51411871054,24574.297232270084
362,Display,0.3625396552083798,83760.97914697499,465389.9151230961
362,Affiliate,0.0710311284085472,59411.83356298958,218410.94620492807
362,Email / CRM,0.5852769420319883,6071.362309157735,31440.026471102337
362,Direct Mail,0.5391853105581975,43146.11927869705,105086.57953503054
362,Podcast,0.7971330360243908,16207.348432949257,153921.93694721797
363,Paid Search,0.1604244887525818,61708.741377806626,728415.9452599348
363,Connected TV,0.6518231919059511,29268.755166145085,260143.7859265251
363,Paid Social,0.2583386167959333,55684.49842249721,249954.23983461823
363,Display,0.5254296022226584,42636.76260404803,264366.8205690842
363,Affiliate,0.2526091846048991,32315.97151400345,226238.0529058852
363,Email / CRM,0.2157789198052722,11736.13852583447,219240.1467709409
363,Direct Mail,0.7757361747941776,14657.759358064795,224107.13991702005
363,Podcast,0.6167866438344276,34754.8055107198,164298.8924252041
364,Paid Search,0.0658257655022068,37235.30213930592,867204.1389940523
364,Connected TV,0.6317642971329319,52796.39135324155,486381.9057669341
364,Paid Social,0.2232887318798423,129900.5109065491,272440.5905733095
364,Display,0.4222402181109744,60246.85846536632,291115.640815336
364,Affiliate,0.2122789248604018,18677.893669232515,414209.7827226116
364,Email / CRM,0.5836992883760457,15845.087364793191,123375.88864571304
364,Direct Mail,0.2982509162496164,326245.53921922005,737633.9684950681
364,Podcast,0.6290995967067653,26268.36336712813,189049.77967816184
365,Paid Search,0.0783373157656574,37865.095660574734,739719.671352378
365,Connected TV,0.5813647286596696,102766.47191320689,937160.4190884344
365,Paid Social,0.0951367967413833,50142.82203793914,154905.87253608383
365,Display,0.5436433752476656,40898.49028189766,241009.06660192693
365,Affiliate,0.1445354073573343,37281.27009214597,368580.5747894748
365,Email / CRM,0.2132372105724542,9548.083986740645,143206.0123059967
365,Direct Mail,0.6375550703323986,60583.349626705465,100449.3232256282
365,Podcast,0.937926546504572,41875.33512950206,67154.70578864966
366,Paid Search,0.0848256130641608,34211.115446867545,906836.8309836336
366,Connected TV,0.3771389518307994,65869.32702578482,413761.61650060746
366,Paid Social,0.3920482561946697,217305.391346733,578415.1893890274
366,Display,0.5050389157802976,71345.83358229639,143831.2631898296
366,Affiliate,0.1336749111977377,40609.22602021054,306779.874439412
366,Email / CRM,0.4821479900514524,17389.469910612723,165255.99341823274
366,Direct Mail,0.3049361819011105,43600.5503684194,143387.16074912332
366,Podcast,0.5860384474550796,32603.484925955057,2927.4852408327524
367,Paid Search,0.033894447299825,30981.99944495632,1095103.369509058
367,Connected TV,0.6441444524074602,36343.0772100173,351447.22661044553
367,Paid Social,0.7028680095926289,65844.268760247,273683.1108350668
367,Display,0.4990413974160222,34688.41007970181,261507.0088773472
367,Affiliate,0.1030858329885043,44008.837034212855,206719.7460994983
367,Email / CRM,0.5041292071207943,32460.6456560336,203182.05821027464
367,Direct Mail,0.0180589732767364,163370.97506450975,48985.47543435362
367,Podcast,0.4366128685422602,30107.45621221456,123219.67066716329
368,Paid Search,0.1696589496540136,53376.24715809482,504319.0420595228
368,Connected TV,0.5496507924509332,39716.49694412277,383097.2444208422
368,Paid Social,0.3894164998253941,42779.50714769589,269364.8573888893
368,Display,0.4146163195087209,48926.07446675251,335125.9479431901
368,Affiliate,0.0546112697776606,57700.95512208341,235204.9732510347
368,Email / CRM,0.3199515442042398,31706.598801017954,53653.50709453078
368,Direct Mail,0.1964827935096744,36216.37667123705,137820.0686444935
368,Podcast,0.2948990803980817,187899.2117686355,360223.4128241328
369,Paid Search,0.0729053792720371,46271.36048997791,699331.9363624946
369,Connected TV,0.3754274082280253,83279.87722085025,385459.6275990148
369,Paid Social,0.6261612054605411,93097.79723981585,360685.9141617149
369,Display,0.5869725489044401,84711.63992129525,197956.28405920905
369,Affiliate,0.1286894823646092,72474.78232728262,379971.8161240224
369,Email / CRM,0.524179453912792,20748.27965452151,68959.06628983721
369,Direct Mail,0.483590341880463,45243.24801026961,205386.10854648
369,Podcast,0.3973757098457818,68539.40027366941,260127.4928515992
370,Paid Search,0.0821940453721403,47235.26097899953,549983.4894789845
370,Connected TV,0.6360948292350501,96334.17656147604,676657.4719128448
370,Paid Social,0.4035145563955441,168030.3219480634,326135.1009022548
370,Display,0.4327880957928409,28599.343773509045,316420.0532634119
370,Affiliate,0.249129226656193,71759.13852303234,509738.1174898855
370,Email / CRM,0.5414233004409763,32376.81266056449,150045.041449518
370,Direct Mail,0.2456033893566032,26695.243324341864,94145.58366830424
370,Podcast,0.7804510478913179,7752.232245126658,5990.341146528899
371,Paid Search,0.1281172730469267,46351.52167235429,631250.902737975
371,Connected TV,0.5931321758214431,48369.333551850155,431263.4083323289
371,Paid Social,0.563418911477374,56493.493888360645,110831.3573678566
371,Display,0.6320763792592266,82581.17731564058,296403.23407977074
371,Affiliate,0.0561376228826891,42505.90086363449,271345.783082314
371,Email / CRM,0.4738075407254916,38736.85351924286,121718.14036263672
371,Direct Mail,0.6611117074247963,106051.47420983268,409015.3667583691
371,Podcast,0.5744593558207693,126393.53593233084,358438.37313382694
372,Paid Search,0.0502964783550658,42085.10678866029,907467.2658186664
372,Connected TV,0.6468850731446615,104338.14299728068,591237.0753182498
372,Paid Social,0.5984393069227808,228168.7214224095,299812.0762858691
372,Display,0.8076730479695458,108653.3136899321,399011.42516884976
372,Affiliate,0.0856964461792903,32861.11040315015,222421.4543349961
372,Email / CRM,0.3984473616451813,13284.230696679111,76852.73447833343
372,Direct Mail,0.6254799703100943,317201.0094501231,1310077.8377938748
372,Podcast,0.5065802013201752,24833.842992729595,154389.87899342418
373,Paid Search,0.2386511716648759,40049.97461718784,1088525.4591277975
373,Connected TV,0.5935895796341532,57650.32344461857,484418.0147143414
373,Paid Social,0.7252852558834433,33881.73655569358,86028.87776249352
373,Display,0.558157902970611,36496.54487057154,356114.00036487606
373,Affiliate,0.0577102576449129,49571.02215840274,255018.3860337617
373,Email / CRM,0.6728522579091998,32285.298507441577,257839.76906986837
373,Direct Mail,0.5076672368884358,44817.919872275466,60808.341859872264
373,Podcast,0.5091079804739799,42392.70334576322,280658.0051305828
374,Paid Search,0.1444708588065645,53587.81611665528,523092.62680177815
374,Connected TV,0.6243759576268109,45758.7956100826,276345.3207091115
374,Paid Social,0.0948092455642452,82099.50785344829,235476.294559722
374,Display,0.6841689708043268,212304.96388388504,993492.5126824724
374,Affiliate,0.7193476618295359,42067.34194596337,220707.49086932247
374,Email / CRM,0.3965374884069411,12174.095595699344,17889.581910381374
374,Direct Mail,0.2775630254013489,28919.27279398296,154002.11492266296
374,Podcast,0.7560844689876531,17603.76639988076,86111.71125773934
375,Paid Search,0.163571674918358,49039.46612427256,746145.164691678
375,Connected TV,0.6008183848713603,39185.00623042904,345365.0293113879
375,Paid Social,0.235004805355056,30371.956999225826,286765.3080035232
375,Display,0.6026382129574661,63873.75533824004,178595.76781182602
375,Affiliate,0.0307970375598323,25485.330941631168,269680.25993378804
375,Email / CRM,0.4140359998201984,6198.768927452049,83737.90224983594
375,Direct Mail,0.2276399756626819,24593.119986823134,69864.35376659982
375,Podcast,0.1547437380977811,67525.45796766492,90207.56189735938
376,Paid Search,0.0431492112910883,43497.13882665101,623854.1501796314
376,Connected TV,0.6879536455927859,40917.10755811449,277823.98851836007
376,Paid Social,0.6688307174289371,37962.541890528766,411650.7994358478
376,Display,0.2913576388628956,42352.095104928245,296301.42188575177
376,Affiliate,0.2066097834841797,53353.126467140355,505361.93392978155
376,Email / CRM,0.4895977620021421,9201.230420950817,273864.50140605716
376,Direct Mail,0.3800694469482134,219831.5980675201,388396.2003444372
376,Podcast,0.515797993353742,26146.842051949337,43518.2859612429
377,Paid Search,0.0753605722776002,42838.58486137595,838486.4855688065
377,Connected TV,0.6554219474156262,101437.4285593314,979020.7464506816
377,Paid Social,0.5872199796770303,41807.19597822171,194928.12551231572
377,Display,0.644696849807849,228382.84336377287,1052886.2480131888
377,Affiliate,0.0469643432116137,16322.874900157962,510998.2438260661
377,Email / CRM,0.5108388592342354,10886.34438276056,199567.7730818279
377,Direct Mail,0.4710787759661107,175317.0013817838,91393.74265235678
377,Podcast,0.6365611218799752,36987.528536279104,100234.35592958394
378,Paid Search,0.0448481992886136,47789.841417349315,661368.1007576343
378,Connected TV,0.6606696163039655,61501.490437440625,485214.46214960027
378,Paid Social,0.7159952434937012,112975.93333241549,129105.35703400028
378,Display,0.6488643166535828,70269.974092374,19293.334827740957
378,Affiliate,0.2483171853527773,79723.58773394444,603696.0393610571
378,Email / CRM,0.4912620917387688,6501.367052599139,66479.82778045587
378,Direct Mail,0.5450244192460572,90993.07081700616,148196.27331495393
378,Podcast,0.4361968473483264,42270.01328364427,59309.5209080056
379,Paid Search,0.0844763696750243,40880.70470764097,929515.1165510776
379,Connected TV,0.1319387617105145,77235.72312885671,223440.83172965448
379,Paid Social,0.5648339714691146,61462.72708653532,229812.004890638
379,Display,0.5269919981184837,148638.7990792781,709258.3191137147
379,Affiliate,0.1932739186338433,35387.407758561705,365029.6248932815
379,Email / CRM,0.37338272318951,25525.8655670421,114128.42457155506
379,Direct Mail,0.993411732686068,210254.1446902244,1042507.9037091082
379,Podcast,0.6545637229307292,36630.25700579494,197246.27851749063
380,Paid Search,0.1050454145798432,57346.06250333099,642866.9566291414
380,Connected TV,0.5785035542447295,48613.0748053112,382358.35824848665
380,Paid Social,0.6806396080844209,61284.56391479208,126375.4725991992
380,Display,0.6009237973784487,55325.68251166717,131780.49491909402
380,Affiliate,0.1441806668064669,23979.903070075205,289653.0430203295
380,Email / CRM,0.771656414417239,11081.46098156047,133453.11746416747
380,Direct Mail,0.7474968711238836,37165.60223271093,283719.74950896355
380,Podcast,0.179559134063519,49069.50871125164,38555.16704507463
381,Paid Search,0.1452643835712974,47889.287048325554,786323.3587113544
381,Connected TV,0.5610552031349891,62801.51794834963,370659.1092451647
381,Paid Social,0.3319399605720113,65147.75515915903,199078.8767609586
381,Display,0.5904695781260355,33118.699253868035,255314.88607122903
381,Affiliate,0.1575033199195075,16168.051133380848,633354.8619512288
381,Email / CRM,0.3304230189618657,37934.630884953935,20885.580765144223
381,Direct Mail,0.5924953085054898,55255.51016687214,143997.7899444731
381,Podcast,0.4426691778765743,34052.13314653185,129372.17740795028
382,Paid Search,0.1551164662570919,38683.74275446991,1002706.925514882
382,Connected TV,0.6022837920922525,83167.62993600793,598774.9166537939
382,Paid Social,0.7091678290426982,59125.8796019254,615110.984647748
382,Display,0.2121580744687856,59825.10827678779,332486.98732657
382,Affiliate,0.0597405293898272,71235.44497211042,229197.593767901
382,Email / CRM,0.4681796434629215,17420.17742770482,84586.37753794974
382,Direct Mail,0.4217866068767246,60423.1279040144,174565.5784920691
382,Podcast,0.5651390383047572,9630.277748608303,63716.879300854926
383,Paid Search,0.0308001285668609,43511.33198913607,727255.2440797141
383,Connected TV,0.6875159290659323,70625.14721066132,585429.8482222526
383,Paid Social,0.3238019080189087,40419.93426920322,443719.508299095
383,Display,0.3082106702148997,181990.5301982725,1060093.389842252
383,Affiliate,0.101138619203555,31116.04451269253,114745.76359060004
383,Email / CRM,0.4868737245076945,9158.82336239667,69268.53154516676
383,Direct Mail,0.7639509864186662,80663.0178184535,190260.88706299185
383,Podcast,0.6786595170972761,24413.487568404067,205765.6189348788
384,Paid Search,0.155364728615339,43610.27581223473,848122.9432202597
384,Connected TV,0.5870593316005711,29057.578281858772,305681.34934034257
384,Paid Social,0.4972779270942037,132377.5513637939,98138.9125607709
384,Display,0.4148461572025093,45786.65659126726,40852.79496064922
384,Affiliate,0.1396648641724223,32609.810256239187,410982.8171675423
384,Email / CRM,0.4166769860228313,8308.793913329193,115036.55560151834
384,Direct Mail,0.6476230311322991,69425.52531202135,401847.3257735048
384,Podcast,0.8640639886979025,21093.461783141734,11258.132883552214
385,Paid Search,0.2145154869063293,42133.14830768864,689836.935554464
385,Connected TV,0.4696806449822303,144200.21744683484,650130.919729197
385,Paid Social,0.2741496258690862,77359.88440809358,181270.6413874021
385,Display,0.6436746957828623,177356.44608124197,157561.60392136595
385,Affiliate,0.1301020257779652,57666.08099076552,419078.8615958563
385,Email / CRM,0.2154310697039699,19919.734164755057,208521.28589334633
385,Direct Mail,0.7494235802196167,128360.31940645486,273656.0432046929
385,Podcast,0.6328211677871968,14749.304488895144,91554.42505987023
386,Paid Search,0.2650535720729831,38932.728252047025,1127585.9083862358
386,Connected TV,0.5993516496369045,62443.8758714133,490186.56100977847
386,Paid Social,0.6355622385407866,132482.58464183108,685441.7504780659
386,Display,0.5171197599182994,46445.79191450448,185763.37087556496
386,Affiliate,0.0849722161702336,41919.66607332445,117302.04349683363
386,Email / CRM,0.6659047425426325,8807.488928472525,55073.41447675387
386,Direct Mail,0.4579995357351263,49574.59903708521,138354.82304258077
386,Podcast,0.4284017108461527,42566.26499747328,257973.2246003612
387,Paid Search,0.0921929422357133,49888.07452675245,570926.0383350755
387,Connected TV,0.5296776410626947,162975.5941483817,1167054.8372651655
387,Paid Social,0.5700796639026905,101810.699044244,508615.6201537883
387,Display,0.3995601495832712,135775.2441904025,214608.6964349519
387,Affiliate,0.2168630639425366,21351.529560670548,350043.7559311242
387,Email / CRM,0.5106115326328883,18457.129509197537,153303.30061610884
387,Direct Mail,0.6697676837444779,153535.90333920976,186985.91931487396
387,Podcast,0.1261239268442566,12542.035821402584,24513.073990389275
388,Paid Search,0.2411527040569736,65141.885564052434,517466.62445994705
388,Connected TV,0.3761331550114306,147677.17637474366,730051.9021657701
388,Paid Social,0.3353981488724272,74227.48189974204,121259.5549933959
388,Display,0.7659237070429539,44349.77025894641,295006.9752912497
388,Affiliate,0.0767492586653739,70904.98276133774,331623.6704788233
388,Email / CRM,0.0751709001189376,36324.832210152665,180252.21526861633
388,Direct Mail,0.6144103325138807,145678.9332780942,651865.3206362663
388,Podcast,0.7566894063694509,36357.06609554796,92595.18686168767
389,Paid Search,0.1595770036532679,44086.1166374804,895679.5231043104
389,Connected TV,0.4456281781061725,68230.59352555918,481108.8803553606
389,Paid Social,0.3059049962274485,77501.9186669582,340154.48931090394
389,Display,0.6063228287732606,63016.12937462336,345472.50634837017
389,Affiliate,0.0769071264125804,20477.414017911015,198724.27256224013
389,Email / CRM,0.1912711527568463,25693.327887744712,41023.07931544505
389,Direct Mail,0.4614144277968603,181960.48222619775,375818.0718276704
389,Podcast,0.5826194516225056,34920.07671796709,270506.4645054406
390,Paid Search,0.1236856762691158,47279.01926926037,750595.8709884618
390,Connected TV,0.6241149100989942,43070.57853011479,357694.93866078975
390,Paid Social,0.3845442499679646,417527.7660166479,1081710.9281359874
390,Display,0.6268067804341175,142657.28098770685,885200.3323022388
390,Affiliate,0.0896274699451884,23139.58518232297,250076.06624030048
390,Email / CRM,0.8263530102521359,6685.429065316578,77067.29773173748
390,Direct Mail,0.953144945936386,109857.61651900846,203390.16254614663
390,Podcast,0.2553432365621392,29749.572163975023,46686.67701462973
391,Paid Search,0.086608287252452,53574.26886465899,597666.3676030111
391,Connected TV,0.7651277839775026,78271.39078842029,967039.4941704428
391,Paid Social,0.4811311688022291,71214.62707110489,459384.6020123856
391,Display,0.3956525593345506,30936.679998924617,113757.77124108691
391,Affiliate,0.2991252705741686,30647.087915725784,245406.4277748815
391,Email / CRM,0.5218857775913347,5044.025483776702,53048.872878379574
391,Direct Mail,0.3703004246984329,114579.48314874932,44683.96949043025
391,Podcast,0.175825792712507,35850.114319267035,34084.79902560381
392,Paid Search,0.1804682462796859,39076.27030325236,841417.3847751084
392,Connected TV,0.5227165529977537,127342.50873209232,853546.3783370624
392,Paid Social,0.5227873712400514,54749.14749825452,389866.893282178
392,Display,0.4635133258650168,141904.1916235713,696552.8370749713
392,Affiliate,0.0909796574429138,77781.06948822364,377197.9463880065
392,Email / CRM,0.7137036275509255,24060.368266929745,28097.28421651683
392,Direct Mail,0.8262147761695,63617.02221894413,349430.8404517331
392,Podcast,0.0679127384164808,28464.945473591783,98207.87906104884
393,Paid Search,0.1448200085914422,42552.86103438975,889000.3728061161
393,Connected TV,0.4755250624743811,68029.37734150131,417267.7319554758
393,Paid Social,0.6431393785980324,122699.38437790236,517610.1253021582
393,Display,0.4104304168630127,30409.08302780597,184578.81542676085
393,Affiliate,0.3348280000077618,39288.071128684336,338690.68435520906
393,Email / CRM,0.3211972180482367,10452.257110963115,108130.04176827196
393,Direct Mail,0.7201181230807573,40280.50059993638,177197.96461204355
393,Podcast,0.5193547054332938,44954.63360746497,59289.42240418078
394,Paid Search,0.0597344071745102,57397.66722380509,376202.15320567775
394,Connected TV,0.5696451311556818,83735.0692590733,626558.4662700451
394,Paid Social,0.7102963151598723,92819.4744320644,530625.3384580385
394,Display,0.4122858763539232,56757.07505067975,194743.865026594
394,Affiliate,0.1632815586345844,41312.03074334924,287968.6600859231
394,Email / CRM,0.5859946551401476,31149.077394932378,350382.8204714226
394,Direct Mail,0.4965783200835386,409195.919648361,644318.7002498937
394,Podcast,0.908958391760723,15654.693586369684,86021.08211971154
395,Paid Search,0.0718655820495203,41031.46608595992,806456.438502142
395,Connected TV,0.5267906438653575,43543.54873681595,370074.9239077215
395,Paid Social,0.8684500086136863,364119.52500818606,1355302.237297719
395,Display,0.4278052824370225,78200.66071262369,396457.45481690805
395,Affiliate,0.1646585381670714,35256.853371381985,333063.76782196295
395,Email / CRM,0.4898929987578987,8616.903361950355,229740.9536497941
395,Direct Mail,0.5164698879013457,71752.5460562938,295411.0947667046
395,Podcast,0.7396463399543056,19432.8786352216,64069.74750720344
396,Paid Search,0.0491280612780143,37538.066146425816,767326.92206597
396,Connected TV,0.4570052485838703,51764.938812056374,278538.59787102224
396,Paid Social,0.681682744146314,150373.49088986873,473963.8284545094
396,Display,0.6368829196170882,103661.75229360184,175875.86424608235
396,Affiliate,0.3186443778408516,26065.733541594793,447348.8204128634
396,Email / CRM,0.31275133587044,34605.26133416884,59305.47587255336
396,Direct Mail,0.3120357015086401,88078.09080176581,153401.1662828509
396,Podcast,0.6716599028572307,23404.51274810449,20875.90710211768
397,Paid Search,0.1365720531560864,43629.88694138122,973323.5511224596
397,Connected TV,0.5413841779917297,91657.71098596214,551444.0249554786
397,Paid Social,0.301020198356793,173605.8698898495,125035.84590770156
397,Display,0.4364901708412427,46839.26367079251,402679.19346506306
397,Affiliate,0.2383843602154475,29623.032316536617,280504.8386755323
397,Email / CRM,0.1605685638573366,6083.9933710677515,89018.3939712043
397,Direct Mail,0.7122453938842036,45283.6337334461,317960.5890669415
397,Podcast,0.5094059500049563,14817.129776565307,36324.49323622704
398,Paid Search,0.1519823145914165,50679.82234053259,619960.2225681671
398,Connected TV,0.443478683197606,30292.75655265676,250839.75198784488
398,Paid Social,0.4271975508184044,66939.27356745832,203298.2633847391
398,Display,0.4690231629469834,57393.13064694076,108465.93707193018
398,Affiliate,0.3024698773929515,34449.45823623848,380791.4150956003
398,Email / CRM,0.2824802896275131,20498.7853432624,51242.742331546746
398,Direct Mail,0.2344377104980102,48388.94609984208,90820.67430042136
398,Podcast,0.6148985360294444,15035.330463241611,5559.262229810314
399,Paid Search,0.1584385080787056,41864.999144315625,1024757.053129833
399,Connected TV,0.4543997570657863,80678.30704385843,365447.9196667897
399,Paid Social,0.4375676353457643,128919.86441739816,448030.8716384908
399,Display,0.454528464616754,71403.36829058717,483162.4606912211
399,Affiliate,0.4696971927639369,67526.04914865014,387071.61166981567
399,Email / CRM,0.9267656465062334,15452.684093108624,22134.90475079649
399,Direct Mail,0.4117113544652483,112623.23371750522,222038.24345995008
399,Podcast,0.6111570009172334,27580.288379809663,38632.214603101675
